course_num,dg_id,player_name,event_key,event_completed,year,finish_position,prior_starts
6,27774,"Gotterup, Chris",2026-6,2026-01-17,2026,1,0
6,29767,"Gerard, Ryan",2026-6,2026-01-17,2026,2,0
6,16283,"Rodgers, Patrick",2026-6,2026-01-17,2026,3,0
6,29433,"Bridgeman, Jacob",2026-6,2026-01-17,2026,4,0
6,23323,"MacIntyre, Robert",2026-6,2026-01-17,2026,4,0
6,25157,"Hodges, Lee",2026-6,2026-01-17,2026,6,0
6,19872,"Riley, Davis",2026-6,2026-01-17,2026,6,0
6,17606,"Berger, Daniel",2026-6,2026-01-17,2026,6,0
6,27194,"Hall, Harry",2026-6,2026-01-17,2026,6,0
6,17780,"Pendrith, Taylor",2026-6,2026-01-17,2026,6,0
6,19396,"Knapp, Jake",2026-6,2026-01-17,2026,11,0
6,14609,"Kim, Si Woo",2026-6,2026-01-17,2026,11,0
6,28309,"Coody, Pierceson",2026-6,2026-01-17,2026,13,0
6,21688,"Kim, S.H.",2026-6,2026-01-17,2026,13,0
6,13562,"Matsuyama, Hideki",2026-6,2026-01-17,2026,13,0
6,13126,"Taylor, Nick",2026-6,2026-01-17,2026,13,0
6,18424,"Roy, Kevin",2026-6,2026-01-17,2026,13,0
6,29925,"Yellamaraju, Sudarshan",2026-6,2026-01-17,2026,13,0
6,24968,"Griffin, Ben",2026-6,2026-01-17,2026,19,0
6,20766,"Brown, Dan",2026-6,2026-01-17,2026,19,0
6,13764,"Parry, John",2026-6,2026-01-17,2026,19,0
6,27164,"Phillips, Chandler",2026-6,2026-01-17,2026,19,0
6,14578,"Henley, Russell",2026-6,2026-01-17,2026,19,0
6,14636,"Spieth, Jordan",2026-6,2026-01-17,2026,24,0
6,18634,"McNealy, Maverick",2026-6,2026-01-17,2026,24,0
6,14502,"Cauley, Bud",2026-6,2026-01-17,2026,24,0
6,20954,"Hirata, Kensei",2026-6,2026-01-17,2026,24,0
6,17576,"Conners, Corey",2026-6,2026-01-17,2026,24,0
6,22002,"Dumont de Chassart, Adrien",2026-6,2026-01-17,2026,24,0
6,13470,"Kizzire, Patton",2026-6,2026-01-17,2026,24,0
6,25569,"Stevens, Sam",2026-6,2026-01-17,2026,31,0
6,17543,"Kim, Michael",2026-6,2026-01-17,2026,31,0
6,25002,"Wu, Dylan",2026-6,2026-01-17,2026,31,0
6,10104,"Power, Seamus",2026-6,2026-01-17,2026,31,0
6,19729,"Kanaya, Takumi",2026-6,2026-01-17,2026,31,0
6,11451,"Garnett, Brice",2026-6,2026-01-17,2026,31,0
6,25739,"Yonezawa, Ren",2026-6,2026-01-17,2026,31,0
6,27819,"Castillo, Ricky",2026-6,2026-01-17,2026,31,0
6,23014,"Theegala, Sahith",2026-6,2026-01-17,2026,31,0
6,13997,"Svensson, Adam",2026-6,2026-01-17,2026,40,0
6,28159,"Meissner, Mac",2026-6,2026-01-17,2026,40,0
6,653,"Singh, Vijay",2026-6,2026-01-17,2026,40,0
6,19870,"McCarthy, Denny",2026-6,2026-01-17,2026,40,0
6,21891,"Kitayama, Kurt",2026-6,2026-01-17,2026,40,0
6,17536,"Spaun, J.J.",2026-6,2026-01-17,2026,40,0
6,18474,"Smalley, Alex",2026-6,2026-01-17,2026,40,0
6,25908,"Whaley, Vince",2026-6,2026-01-17,2026,40,0
6,6430,"Scott, Adam",2026-6,2026-01-17,2026,40,0
6,15575,"Hoge, Tom",2026-6,2026-01-17,2026,40,0
6,18554,"Rai, Aaron",2026-6,2026-01-17,2026,50,0
6,31343,"Ford, David",2026-6,2026-01-17,2026,50,0
6,28016,"Gonzalez, Emilio",2026-6,2026-01-17,2026,50,0
6,17639,"Blair, Zac",2026-6,2026-01-17,2026,50,0
6,23504,"Hoey, Rico",2026-6,2026-01-17,2026,50,0
6,15310,"Li, Haotong",2026-6,2026-01-17,2026,55,0
6,11049,"Simpson, Webb",2026-6,2026-01-17,2026,55,0
6,24550,"Ghim, Doug",2026-6,2026-01-17,2026,55,0
6,28635,"McCarty, Matt",2026-6,2026-01-17,2026,55,0
6,16757,"Dou, Zecheng",2026-6,2026-01-17,2026,55,0
6,19960,"Pavon, Matthieu",2026-6,2026-01-17,2026,55,0
6,24766,"Kim, Tom",2026-6,2026-01-17,2026,61,0
6,32457,"Keefer, Johnny",2026-6,2026-01-17,2026,61,0
6,28270,"Dunlap, Nick",2026-6,2026-01-17,2026,61,0
6,6986,"Johnson, Zach",2026-6,2026-01-17,2026,61,0
6,8825,"Harman, Brian",2026-6,2026-01-17,2026,61,0
6,28469,"Highsmith, Joe",2026-6,2026-01-17,2026,66,0
6,17365,"Mitchell, Keith",2026-6,2026-01-17,2026,66,0
6,16333,"Hubbard, Mark",2026-6,2026-01-17,2026,66,0
6,18586,"Smith, Jordan",2026-6,2026-01-17,2026,66,0
6,19846,"Bauchou, Zach",2026-6,2026-01-17,2026,70,0
6,19840,"Ramey, Chad",2026-6,2026-01-17,2026,71,0
6,29770,"Mouw, William",2026-6,2026-01-17,2026,71,0
6,28268,"Kaneko, Kota",2026-6,2026-01-17,2026,73,0
6,11276,"Horschel, Billy",2026-6,2026-01-17,2026,74,0
6,22985,"Smotherman, Austin",2026-6,2026-01-17,2026,75,0
6,22760,"Hisatsune, Ryo",2026-6,2026-01-17,2026,75,0
6,13872,"Bradley, Keegan",2026-6,2026-01-17,2026,75,0
6,26657,"Fisk, Steven",2026-6,2026-01-17,2026,75,0
6,26653,"Eckroat, Austin",2026-6,2026-01-17,2026,75,0
6,22085,"Morikawa, Collin",2026-6,2026-01-17,2026,75,0
6,15470,"Hossler, Beau",2026-6,2026-01-17,2026,75,0
6,21756,"Cole, Eric",2026-6,2026-01-17,2026,75,0
6,17550,"van Rooyen, Erik",2026-6,2026-01-17,2026,75,0
6,30620,"Chatfield, Davis",2026-6,2026-01-17,2026,75,0
6,25319,"VanDerLaan, John",2026-6,2026-01-17,2026,75,0
6,18628,"Campbell, Brian",2026-6,2026-01-17,2026,75,0
6,32330,"Clanton, Luke",2026-6,2026-01-17,2026,75,0
6,12423,"Kirk, Chris",2026-6,2026-01-17,2026,75,0
6,23505,"McGreevy, Max",2026-6,2026-01-17,2026,75,0
6,20722,"Schmid, Matti",2026-6,2026-01-17,2026,75,0
6,12909,"Campos, Rafael",2026-6,2026-01-17,2026,75,0
6,15756,"Higa, Kazuki",2026-6,2026-01-17,2026,75,0
6,17786,"Davis, Cam",2026-6,2026-01-17,2026,75,0
6,32081,"Nagasaki, Taisei",2026-6,2026-01-17,2026,75,0
6,14792,"Saddier, Adrien",2026-6,2026-01-17,2026,75,0
6,21943,"Lebioda, Hank",2026-6,2026-01-17,2026,75,0
6,16162,"Lee, S.T.",2026-6,2026-01-17,2026,75,0
6,25003,"Walker, Danny",2026-6,2026-01-17,2026,75,0
6,12577,"Woodland, Gary",2026-6,2026-01-17,2026,75,0
6,27183,"Salinda, Isaiah",2026-6,2026-01-17,2026,75,0
6,21883,"Ewart, A.J.",2026-6,2026-01-17,2026,75,0
6,17032,"Tosti, Alejandro",2026-6,2026-01-17,2026,75,0
6,12808,"Grillo, Emiliano",2026-6,2026-01-17,2026,75,0
6,34839,"Kozuma, Corey",2026-6,2026-01-17,2026,75,0
6,21074,"Nakajima, Keita",2026-6,2026-01-17,2026,75,0
6,29197,"Brennan, Michael",2026-6,2026-01-17,2026,75,0
6,30814,"Sargent, Gordon",2026-6,2026-01-17,2026,75,0
6,14926,"Malnati, Peter",2026-6,2026-01-17,2026,75,0
6,25475,"Nyholm, Pontus",2026-6,2026-01-17,2026,75,0
6,11676,"Finau, Tony",2026-6,2026-01-17,2026,75,0
6,21889,"Kang, Jeffrey",2026-6,2026-01-17,2026,75,0
6,22833,"Echavarria, Nico",2026-6,2026-01-17,2026,75,0
6,24956,"Blanchet, Chandler",2026-6,2026-01-17,2026,75,0
6,34840,"Cabello, Anson",2026-6,2026-01-17,2026,75,0
6,16591,"Rozo, Marcelo",2026-6,2026-01-17,2026,75,0
6,19477,"Schenk, Adam",2026-6,2026-01-17,2026,75,0
6,32055,"Shipley, Neal",2026-6,2026-01-17,2026,75,0
6,24343,"Lamprecht, Christo",2026-6,2026-01-17,2026,75,0
6,21407,"Reitan, Kristoffer",2026-6,2026-01-17,2026,75,0
6,13562.0000,"Matsuyama, Hideki",2026-6,1/17/2026,2026,13,0
114,27420,"Dickson, Taylor",2026-124,2026-01-13,2026,1,0
114,14050,"Sloan, Roger",2026-124,2026-01-13,2026,2,0
114,10498,"Overton, Jeff",2026-124,2026-01-13,2026,3,0
114,26913,"Phillips, Trent",2026-124,2026-01-13,2026,3,0
114,23540,"Andersen, Mason",2026-124,2026-01-13,2026,3,0
114,32312,"Sherwood, Cole",2026-124,2026-01-13,2026,6,0
114,30856,"Eichhorn, Hunter",2026-124,2026-01-13,2026,6,0
114,26013,"Nimmer, Bryson",2026-124,2026-01-13,2026,6,0
114,29347,"Dossey, Cooper",2026-124,2026-01-13,2026,6,0
114,29318,"McAllister, Logan",2026-124,2026-01-13,2026,6,0
114,16786,"Fernandez Valdes, Jorge",2026-124,2026-01-13,2026,6,0
114,29970,"Menante, Dylan",2026-124,2026-01-13,2026,6,0
114,21880,"Cone, Trevor",2026-124,2026-01-13,2026,13,0
114,31392,"VanArragon, Caleb",2026-124,2026-01-13,2026,13,0
114,14007,"Martin, Ben",2026-124,2026-01-13,2026,13,0
114,15120,"Johnson, Michael",2026-124,2026-01-13,2026,16,0
114,10873,"Skinns, David",2026-124,2026-01-13,2026,16,0
114,11082,"Burgoon, Bronson",2026-124,2026-01-13,2026,16,0
114,16341,"Peterson, Paul",2026-124,2026-01-13,2026,19,0
114,29163,"Card III, Jay",2026-124,2026-01-13,2026,19,0
114,16395,"Kohles, Ben",2026-124,2026-01-13,2026,19,0
114,25036,"Holt, Ian",2026-124,2026-01-13,2026,22,0
114,19360,"Atkins, Matt",2026-124,2026-01-13,2026,22,0
114,29324,"Lamb, Davis",2026-124,2026-01-13,2026,22,0
114,26656,"Feagles, Michael",2026-124,2026-01-13,2026,22,0
114,32473,"Botha, Barend",2026-124,2026-01-13,2026,22,0
114,18869,"Lamb, Rick",2026-124,2026-01-13,2026,22,0
114,18571,"Macdonald, Stuart",2026-124,2026-01-13,2026,28,0
114,19864,"Hammer, Cole",2026-124,2026-01-13,2026,28,0
114,15004,"Kim, Chan",2026-124,2026-01-13,2026,28,0
114,27820,"Pak, John",2026-124,2026-01-13,2026,28,0
114,14140,"Higgs, Harry",2026-124,2026-01-13,2026,28,0
114,31960,"Hastings, Justin",2026-124,2026-01-13,2026,33,0
114,19865,"Hardy, Nick",2026-124,2026-01-13,2026,33,0
114,32333,"Buchanan, Jackson",2026-124,2026-01-13,2026,33,0
114,21234,"Thomas, Rayhan",2026-124,2026-01-13,2026,33,0
114,25263,"Onishi, Kaito",2026-124,2026-01-13,2026,33,0
114,26190,"Ortiz, Alvaro",2026-124,2026-01-13,2026,33,0
114,21995,"Springer, Hayden",2026-124,2026-01-13,2026,39,0
114,28355,"Anderson, Samuel",2026-124,2026-01-13,2026,39,0
114,31251,"Winstead, Trey",2026-124,2026-01-13,2026,39,0
114,30767,"Gabrelcik, Nick",2026-124,2026-01-13,2026,39,0
114,28471,"Shore, Davis",2026-124,2026-01-13,2026,39,0
114,31586,"Leach, Tyler",2026-124,2026-01-13,2026,44,0
114,32462,"Butler, John Marshall",2026-124,2026-01-13,2026,44,0
114,22050,"Suh, Justin",2026-124,2026-01-13,2026,44,0
114,25363,"Buckley, Hayden",2026-124,2026-01-13,2026,44,0
114,22087,"Paul, Jeremy",2026-124,2026-01-13,2026,44,0
114,24481,"Redman, Doc",2026-124,2026-01-13,2026,44,0
114,31285,"Lewis, Bryce",2026-124,2026-01-13,2026,44,0
114,19948,"Taylor, Ben",2026-124,2026-01-13,2026,51,0
114,17381,"Silverman, Ben",2026-124,2026-01-13,2026,51,0
114,22981,"Matthews, Brandon",2026-124,2026-01-13,2026,51,0
114,27762,"Velo, Kevin",2026-124,2026-01-13,2026,51,0
114,14698,"Bramlett, Joseph",2026-124,2026-01-13,2026,51,0
114,10423,"Brehm, Ryan",2026-124,2026-01-13,2026,51,0
114,9171,"Villegas, Camilo",2026-124,2026-01-13,2026,51,0
114,12232,"Ishikawa, Ryo",2026-124,2026-01-13,2026,58,0
114,27870,"Coody, Parker",2026-124,2026-01-13,2026,58,0
114,27598,"Nicholas, James",2026-124,2026-01-13,2026,58,0
114,31272,"Sewell, Chad",2026-124,2026-01-13,2026,58,0
114,25213,"Wu, Brandon",2026-124,2026-01-13,2026,58,0
114,23708,"Scott, Sandy",2026-124,2026-01-13,2026,58,0
114,26660,"Gordon, Will",2026-124,2026-01-13,2026,58,0
114,22461,"White, Brett",2026-124,2026-01-13,2026,58,0
114,24490,"Galletti, Nicolo",2026-124,2026-01-13,2026,66,0
114,29800,"Hillier, Harry",2026-124,2026-01-13,2026,66,0
114,25442,"Montgomery, Taylor",2026-124,2026-01-13,2026,68,0
114,33160,"Marzilio, Vicente",2026-124,2026-01-13,2026,69,0
114,22986,"Tuten, Shad",2026-124,2026-01-13,2026,70,0
114,13831,"Knox, Russell",2026-124,2026-01-13,2026,70,0
114,24562,"Knowles, Philip",2026-124,2026-01-13,2026,70,0
114,23656,"Young, Carson",2026-124,2026-01-13,2026,70,0
114,32152,"Brown, Blades",2026-124,2026-01-13,2026,71,0
114,16566,"Barjon, Paul",2026-124,2026-01-13,2026,71,0
114,33942,"Stewart, Dillon",2026-124,2026-01-13,2026,71,0
114,18579,"Cook, Austin",2026-124,2026-01-13,2026,71,0
114,18635,"Shelton, Robby",2026-124,2026-01-13,2026,71,0
114,16433,"NeSmith, Matt",2026-124,2026-01-13,2026,71,0
114,23599,"Westmoreland, Kyle",2026-124,2026-01-13,2026,71,0
114,18933,"Gandon, Jeremy",2026-124,2026-01-13,2026,71,0
114,25081,"Humphrey, Theo",2026-124,2026-01-13,2026,71,0
114,13342,"Gibson, Rhein",2026-124,2026-01-13,2026,71,0
114,26953,"Gilligan, Ian",2026-124,2026-01-13,2026,71,0
114,31887,"Berry, Brandon",2026-124,2026-01-13,2026,71,0
114,25771,"Furr, Wilson",2026-124,2026-01-13,2026,71,0
114,18059,"Suri, Julian",2026-124,2026-01-13,2026,71,0
114,17422,"Del Solar, Cristobal",2026-124,2026-01-13,2026,71,0
114,27600,"Kuest, Peter",2026-124,2026-01-13,2026,71,0
114,11594,"McCarthy, Dan",2026-124,2026-01-13,2026,71,0
114,31192,"Steelman, Ross",2026-124,2026-01-13,2026,71,0
114,8002,"Oppenheim, Rob",2026-124,2026-01-13,2026,71,0
114,23231,"Maichon, Phichaksn",2026-124,2026-01-13,2026,71,0
114,30892,"Riedel, Matthew",2026-124,2026-01-13,2026,71,0
114,21412,"Capan III, Frankie",2026-124,2026-01-13,2026,71,0
114,31212,"Chandler, Will",2026-124,2026-01-13,2026,71,0
114,29684,"Infanti, Nick",2026-124,2026-01-13,2026,71,0
114,23048,"Stanger, Jimmy",2026-124,2026-01-13,2026,71,0
114,30621,"Weiler, Joe",2026-124,2026-01-13,2026,71,0
114,26126,"Meissner, Mitchell",2026-124,2026-01-13,2026,71,0
114,25091,"Choi, Sam",2026-124,2026-01-13,2026,71,0
114,34841,"Meisel, Marshall",2026-124,2026-01-13,2026,71,0
114,29188,"Salzer, Christian",2026-124,2026-01-13,2026,71,0
114,14776,"Cappelen, Sebastian",2026-124,2026-01-13,2026,71,0
114,23542,"Champ, Cameron",2026-124,2026-01-13,2026,71,0
114,33949,"Bacha, Carson",2026-124,2026-01-13,2026,71,0
114,28542,"Hitt, Austin",2026-124,2026-01-13,2026,71,0
114,28587,"Perkins, David",2026-124,2026-01-13,2026,71,0
114,9586,"Laird, Martin",2026-124,2026-01-13,2026,71,0
114,30623,"Riley, Cameron",2026-124,2026-01-13,2026,71,0
114,24354,"Xiong, Norman",2026-124,2026-01-13,2026,71,0
114,26143,"Creighton, Myles",2026-124,2026-01-13,2026,71,0
114,17276,"Sullivan, Ryan",2026-124,2026-01-13,2026,71,0
114,31257,"Hitchner, Derek",2026-124,2026-01-13,2026,71,0
114,18187,"Duncan, Tyler",2026-124,2026-01-13,2026,71,0
114,8199,"Levin, Spencer",2026-124,2026-01-13,2026,71,0
114,16492,"Nesbitt, Drew",2026-124,2026-01-13,2026,71,0
114,12425,"Todd, Brendon",2026-124,2026-01-13,2026,71,0
114,26746,"Summerhays, Preston",2026-124,2026-01-13,2026,71,0
114,8085,"Teater, Josh",2026-124,2026-01-13,2026,71,0
114,19869,"Maguire, Jack",2026-124,2026-01-13,2026,71,0
114,26617,"Anderson, Matthew",2026-124,2026-01-13,2026,71,0
114,14002,"Alexander, Tyson",2026-124,2026-01-13,2026,71,0
114,33488,"Song, James",2026-124,2026-01-13,2026,71,0
114,30429,"Welch, Patrick",2026-124,2026-01-13,2026,71,0
114,19738,"Dougherty, Kevin",2026-124,2026-01-13,2026,71,0
114,7961,"Reavie, Chez",2026-124,2026-01-13,2026,71,0
114,24962,"Docherty, Alistair",2026-124,2026-01-13,2026,71,0
114,12424,"Summerhays, Daniel",2026-124,2026-01-13,2026,71,0
114,23502,"Thornberry, Braden",2026-124,2026-01-13,2026,71,0
922,21883,"Ewart, A.J.",2025-88,2025-12-13,2025,1,0
922,13997,"Svensson, Adam",2025-88,2025-12-13,2025,2,0
922,16591,"Rozo, Marcelo",2025-88,2025-12-13,2025,2,0
922,17032,"Tosti, Alejandro",2025-88,2025-12-13,2025,2,0
922,25002,"Wu, Dylan",2025-88,2025-12-13,2025,5,0
922,17381,"Silverman, Ben",2025-88,2025-12-13,2025,5,0
922,19360,"Atkins, Matt",2025-88,2025-12-13,2025,7,0
922,9171,"Villegas, Camilo",2025-88,2025-12-13,2025,7,0
922,26913,"Phillips, Trent",2025-88,2025-12-13,2025,9,0
922,25036,"Holt, Ian",2025-88,2025-12-13,2025,9,0
922,26126,"Meissner, Mitchell",2025-88,2025-12-13,2025,9,0
922,15004,"Kim, Chan",2025-88,2025-12-13,2025,9,0
922,25213,"Wu, Brandon",2025-88,2025-12-13,2025,13,0
922,28471,"Shore, Davis",2025-88,2025-12-13,2025,13,0
922,25081,"Humphrey, Theo",2025-88,2025-12-13,2025,13,0
922,23482,"Sigg, Greyson",2025-88,2025-12-13,2025,13,0
922,8199,"Levin, Spencer",2025-88,2025-12-13,2025,13,0
922,28268,"Kaneko, Kota",2025-88,2025-12-13,2025,13,0
922,30767,"Gabrelcik, Nick",2025-88,2025-12-13,2025,13,0
922,26953,"Gilligan, Ian",2025-88,2025-12-13,2025,20,0
922,32312,"Sherwood, Cole",2025-88,2025-12-13,2025,20,0
922,31212,"Chandler, Will",2025-88,2025-12-13,2025,20,0
922,29188,"Salzer, Christian",2025-88,2025-12-13,2025,20,0
922,29324,"Lamb, Davis",2025-88,2025-12-13,2025,20,0
922,21880,"Cone, Trevor",2025-88,2025-12-13,2025,20,0
922,21412,"Capan III, Frankie",2025-88,2025-12-13,2025,20,0
922,29684,"Infanti, Nick",2025-88,2025-12-13,2025,20,0
922,22736,"Rosenmueller, Thomas",2025-88,2025-12-13,2025,20,0
922,27996,"Cummins, Quade",2025-88,2025-12-13,2025,29,0
922,13831,"Knox, Russell",2025-88,2025-12-13,2025,29,0
922,16395,"Kohles, Ben",2025-88,2025-12-13,2025,29,0
922,24223,"Sugiura, Yuta",2025-88,2025-12-13,2025,29,0
922,18059,"Suri, Julian",2025-88,2025-12-13,2025,29,0
922,12232,"Ishikawa, Ryo",2025-88,2025-12-13,2025,34,0
922,29347,"Dossey, Cooper",2025-88,2025-12-13,2025,34,0
922,24481,"Redman, Doc",2025-88,2025-12-13,2025,34,0
922,26656,"Feagles, Michael",2025-88,2025-12-13,2025,34,0
922,31272,"Sewell, Chad",2025-88,2025-12-13,2025,34,0
922,32462,"Butler, John Marshall",2025-88,2025-12-13,2025,34,0
922,24550,"Ghim, Doug",2025-88,2025-12-13,2025,42,0
922,17276,"Sullivan, Ryan",2025-88,2025-12-13,2025,42,0
922,27820,"Pak, John",2025-88,2025-12-13,2025,42,0
922,33942,"Stewart, Dillon",2025-88,2025-12-13,2025,42,0
922,28542,"Hitt, Austin",2025-88,2025-12-13,2025,42,0
922,14007,"Martin, Ben",2025-88,2025-12-13,2025,42,0
922,16341,"Peterson, Paul",2025-88,2025-12-13,2025,42,0
922,17723,"Lower, Justin",2025-88,2025-12-13,2025,42,0
922,21234,"Thomas, Rayhan",2025-88,2025-12-13,2025,42,0
922,26124,"Korte, Chris",2025-88,2025-12-13,2025,54,0
922,31257,"Hitchner, Derek",2025-88,2025-12-13,2025,54,0
922,22461,"White, Brett",2025-88,2025-12-13,2025,54,0
922,16715,"Ryder, Sam",2025-88,2025-12-13,2025,54,0
922,30856,"Eichhorn, Hunter",2025-88,2025-12-13,2025,54,0
922,24988,"Grey, J.J.",2025-88,2025-12-13,2025,62,0
922,26013,"Nimmer, Bryson",2025-88,2025-12-13,2025,62,0
922,12846,"Herman, Jim",2025-88,2025-12-13,2025,62,0
922,19430,"Kozan, Andrew",2025-88,2025-12-13,2025,62,0
922,27600,"Kuest, Peter",2025-88,2025-12-13,2025,62,0
922,17639,"Blair, Zac",2025-88,2025-12-13,2025,62,0
922,32683,"Gutschewski, Luke",2025-88,2025-12-13,2025,62,0
922,25091,"Choi, Sam",2025-88,2025-12-13,2025,62,0
922,31214,"Francoeur, Chris",2025-88,2025-12-13,2025,62,0
922,14050,"Sloan, Roger",2025-88,2025-12-13,2025,79,0
922,33949,"Bacha, Carson",2025-88,2025-12-13,2025,79,0
922,33442,"Higgins, Robbie",2025-88,2025-12-13,2025,79,0
922,30732,"Carr, Ben",2025-88,2025-12-13,2025,79,0
922,10069503,"Wilkes, Tyler",2025-88,2025-12-13,2025,85,0
922,17266,"Yuan, Carl",2025-88,2025-12-13,2025,85,0
922,18933,"Gandon, Jeremy",2025-88,2025-12-13,2025,92,0
922,17273,"Fischer, Zack",2025-88,2025-12-13,2025,92,0
922,23599,"Westmoreland, Kyle",2025-88,2025-12-13,2025,92,0
922,16786,"Fernandez Valdes, Jorge",2025-88,2025-12-13,2025,92,0
922,17902,"Miller, Michael",2025-88,2025-12-13,2025,92,0
922,28571,"Pettit, Turk",2025-88,2025-12-13,2025,104,0
922,27710,"Solomon, Jacob",2025-88,2025-12-13,2025,104,0
922,31586,"Leach, Tyler",2025-88,2025-12-13,2025,104,0
922,31216,"Sienkiewicz, Chase",2025-88,2025-12-13,2025,111,0
922,14140,"Higgs, Harry",2025-88,2025-12-13,2025,111,0
922,31161,"Burnett, Ryan",2025-88,2025-12-13,2025,111,0
922,10062808,"Holekamp, Parker",2025-88,2025-12-13,2025,120,0
922,25614,"Biondi, Fred",2025-88,2025-12-13,2025,124,0
922,19865,"Hardy, Nick",2025-88,2025-12-13,2025,124,0
922,14776,"Cappelen, Sebastian",2025-88,2025-12-13,2025,124,0
922,31193,"Long, Luke",2025-88,2025-12-13,2025,134,0
927,33160,"Marzilio, Vicente",2025-88,2025-12-13,2025,34,0
927,15120,"Johnson, Michael",2025-88,2025-12-13,2025,34,0
927,10067704,"Meisel, Marshall",2025-88,2025-12-13,2025,42,0
927,12424,"Summerhays, Daniel",2025-88,2025-12-13,2025,42,0
927,32333,"Buchanan, Jackson",2025-88,2025-12-13,2025,42,0
927,18869,"Lamb, Rick",2025-88,2025-12-13,2025,54,0
927,26660,"Gordon, Will",2025-88,2025-12-13,2025,54,0
927,7960,"List, Luke",2025-88,2025-12-13,2025,54,0
927,13965,"Hadwin, Adam",2025-88,2025-12-13,2025,62,0
927,24837,"Goodwin, Noah",2025-88,2025-12-13,2025,62,0
927,21944,"Moore, Taylor",2025-88,2025-12-13,2025,62,0
927,31955,"Van Paris, Jackson",2025-88,2025-12-13,2025,62,0
927,11657,"Norlander, Henrik",2025-88,2025-12-13,2025,62,0
927,16492,"Nesbitt, Drew",2025-88,2025-12-13,2025,62,0
927,22919,"Cannon, Will",2025-88,2025-12-13,2025,62,0
927,28587,"Perkins, David",2025-88,2025-12-13,2025,62,0
927,14704,"Putnam, Andrew",2025-88,2025-12-13,2025,79,0
927,26190,"Ortiz, Alvaro",2025-88,2025-12-13,2025,79,0
927,29163,"Card III, Jay",2025-88,2025-12-13,2025,85,0
927,11354,"Stegmaier, Brett",2025-88,2025-12-13,2025,85,0
927,25628,"Bae, Yongjun",2025-88,2025-12-13,2025,85,0
927,25363,"Buckley, Hayden",2025-88,2025-12-13,2025,85,0
927,22050,"Suh, Justin",2025-88,2025-12-13,2025,85,0
927,23542,"Champ, Cameron",2025-88,2025-12-13,2025,92,0
927,33952,"Peacock, Jake",2025-88,2025-12-13,2025,92,0
927,21072,"Ok, Taehoon",2025-88,2025-12-13,2025,92,0
927,32521,"Lewis, Riley",2025-88,2025-12-13,2025,92,0
927,18571,"Macdonald, Stuart",2025-88,2025-12-13,2025,92,0
927,23231,"Maichon, Phichaksn",2025-88,2025-12-13,2025,92,0
927,30937,"Duncan, Austin",2025-88,2025-12-13,2025,92,0
927,26521,"Hoelzer, Brandon",2025-88,2025-12-13,2025,104,0
927,32473,"Botha, Barend",2025-88,2025-12-13,2025,104,0
927,24599,"Shaun, Corey",2025-88,2025-12-13,2025,104,0
927,19000,"Celia, Ricardo",2025-88,2025-12-13,2025,104,0
927,28569,"Breault, Beau",2025-88,2025-12-13,2025,111,0
927,12805,"Cocha, Tommy",2025-88,2025-12-13,2025,111,0
927,31392,"VanArragon, Caleb",2025-88,2025-12-13,2025,111,0
927,29715,"Manke, RJ",2025-88,2025-12-13,2025,111,0
927,10063805,"Vogelsong, Alex",2025-88,2025-12-13,2025,111,0
927,21995,"Springer, Hayden",2025-88,2025-12-13,2025,111,0
927,24964,"Elmore, Ryan",2025-88,2025-12-13,2025,120,0
927,29769,"Moldovan, Maxwell",2025-88,2025-12-13,2025,120,0
927,15330,"Griffin, Lanto",2025-88,2025-12-13,2025,120,0
927,10060210,"Graboyes, Michael",2025-88,2025-12-13,2025,124,0
927,25325,"Debove, Quentin",2025-88,2025-12-13,2025,124,0
927,29520,"Erickson, Dan",2025-88,2025-12-13,2025,124,0
927,28761,"Schliesing, Max",2025-88,2025-12-13,2025,124,0
927,10067358,"Leach, Greyson",2025-88,2025-12-13,2025,124,0
927,27599,"Ralston, Spencer",2025-88,2025-12-13,2025,124,0
927,26143,"Creighton, Myles",2025-88,2025-12-13,2025,124,0
927,18658,"Garber, Joey",2025-88,2025-12-13,2025,134,0
927,14698,"Bramlett, Joseph",2025-88,2025-12-13,2025,134,0
927,18536,"McCormick, Ryan",2025-88,2025-12-13,2025,134,0
927,29318,"McAllister, Logan",2025-88,2025-12-13,2025,134,0
927,33422,"Yates, Lance",2025-88,2025-12-13,2025,139,0
927,22087,"Paul, Jeremy",2025-88,2025-12-13,2025,139,0
927,33299,"Chi, Andre",2025-88,2025-12-13,2025,139,0
927,29889,"Lawrence, Jr, Mark",2025-88,2025-12-13,2025,139,0
927,19232,"Smyth, Trav",2025-88,2025-12-13,2025,139,0
927,28592,"Amat, Bastien",2025-88,2025-12-13,2025,139,0
927,30528,"Sollon, Jake",2025-88,2025-12-13,2025,139,0
927,30000,"Lai, Eddy",2025-88,2025-12-13,2025,139,0
927,33488,"Song, James",2025-88,2025-12-13,2025,139,0
927,10060564,"Ng, Ethan",2025-88,2025-12-13,2025,148,0
927,27420,"Dickson, Taylor",2025-88,2025-12-13,2025,149,0
927,31119,"Nottingham, William",2025-88,2025-12-13,2025,150,0
927,17212,"Garcia, Jorge",2025-88,2025-12-13,2025,150,0
927,30005,"Callens, Peyton",2025-88,2025-12-13,2025,150,0
927,24906,"Armstrong, Dawson",2025-88,2025-12-13,2025,150,0
927,32446,"Wolcott, Hunter",2025-88,2025-12-13,2025,150,0
927,31188,"Valdes, Brendan",2025-88,2025-12-13,2025,155,0
927,26330,"McNeill, Callum",2025-88,2025-12-13,2025,155,0
927,15610,"Guthrie, Luke",2025-88,2025-12-13,2025,155,0
927,24962,"Docherty, Alistair",2025-88,2025-12-13,2025,155,0
927,8085,"Teater, Josh",2025-88,2025-12-13,2025,159,0
927,20668,"Carey, David",2025-88,2025-12-13,2025,160,0
927,16433,"NeSmith, Matt",2025-88,2025-12-13,2025,161,0
927,8769,"Potter, Jr., Ted",2025-88,2025-12-13,2025,161,0
927,31192,"Steelman, Ross",2025-88,2025-12-13,2025,161,0
927,10063552,"Azallion, Daniel",2025-88,2025-12-13,2025,164,0
232,13562,"Matsuyama, Hideki",2025-478,2025-12-06,2025,1,0
232,10419,"Noren, Alex",2025-478,2025-12-06,2025,2,0
232,17511,"Straka, Sepp",2025-478,2025-12-06,2025,3,0
232,17536,"Spaun, J.J.",2025-478,2025-12-06,2025,4,0
232,18417,"Scheffler, Scottie",2025-478,2025-12-06,2025,4,0
232,6093,"Rose, Justin",2025-478,2025-12-06,2025,6,0
232,17576,"Conners, Corey",2025-478,2025-12-06,2025,7,0
232,23604,"Clark, Wyndham",2025-478,2025-12-06,2025,8,0
232,14577,"English, Harris",2025-478,2025-12-06,2025,8,0
232,26651,"Young, Cameron",2025-478,2025-12-06,2025,10,0
232,19483,"Burns, Sam",2025-478,2025-12-06,2025,11,0
232,23323,"MacIntyre, Robert",2025-478,2025-12-06,2025,12,0
232,13872,"Bradley, Keegan",2025-478,2025-12-06,2025,13,0
232,26096,"Bhatia, Akshay",2025-478,2025-12-06,2025,14,0
232,11276,"Horschel, Billy",2025-478,2025-12-06,2025,15,0
232,8825,"Harman, Brian",2025-478,2025-12-06,2025,16,0
232,23475,"Novak, Andrew",2025-478,2025-12-06,2025,17,0
232,18554,"Rai, Aaron",2025-478,2025-12-06,2025,18,0
232,14636,"Spieth, Jordan",2025-478,2025-12-06,2025,19,0
232,27774,"Gotterup, Chris",2025-478,2025-12-06,2025,19,0
776,23816,"Valimaki, Sami",2025-493,2025-11-22,2025,1,0
776,23505,"McGreevy, Max",2025-493,2025-11-22,2025,2,0
776,27819,"Castillo, Ricky",2025-493,2025-11-22,2025,3,0
776,14609,"Kim, Si Woo",2025-493,2025-11-22,2025,4,0
776,22833,"Echavarria, Nico",2025-493,2025-11-22,2025,4,0
776,25157,"Hodges, Lee",2025-493,2025-11-22,2025,4,0
776,25569,"Stevens, Sam",2025-493,2025-11-22,2025,7,0
776,32457,"Keefer, Johnny",2025-493,2025-11-22,2025,7,0
776,27820,"Pak, John",2025-493,2025-11-22,2025,7,0
776,24550,"Ghim, Doug",2025-493,2025-11-22,2025,7,0
776,21554,"Poston, J.T.",2025-493,2025-11-22,2025,7,0
776,23504,"Hoey, Rico",2025-493,2025-11-22,2025,7,0
776,26649,"Thorbjornsen, Michael",2025-493,2025-11-22,2025,7,0
776,16283,"Rodgers, Patrick",2025-493,2025-11-22,2025,7,0
776,10104,"Power, Seamus",2025-493,2025-11-22,2025,7,0
776,23475,"Novak, Andrew",2025-493,2025-11-22,2025,7,0
776,17639,"Blair, Zac",2025-493,2025-11-22,2025,7,0
776,17365,"Mitchell, Keith",2025-493,2025-11-22,2025,18,0
776,24481,"Redman, Doc",2025-493,2025-11-22,2025,18,0
776,28159,"Meissner, Mac",2025-493,2025-11-22,2025,18,0
776,7820,"Palmer, Ryan",2025-493,2025-11-22,2025,21,0
776,21756,"Cole, Eric",2025-493,2025-11-22,2025,21,0
776,14007,"Martin, Ben",2025-493,2025-11-22,2025,21,0
776,29770,"Mouw, William",2025-493,2025-11-22,2025,21,0
776,14459,"An, Byeong Hun",2025-493,2025-11-22,2025,25,0
776,11657,"Norlander, Henrik",2025-493,2025-11-22,2025,25,0
776,18770,"Rozner, Antoine",2025-493,2025-11-22,2025,25,0
776,27364,"Thompson, Davis",2025-493,2025-11-22,2025,25,0
776,11049,"Simpson, Webb",2025-493,2025-11-22,2025,25,0
776,23482,"Sigg, Greyson",2025-493,2025-11-22,2025,25,0
776,25363,"Buckley, Hayden",2025-493,2025-11-22,2025,25,0
776,18761,"Mullinax, Trey",2025-493,2025-11-22,2025,25,0
776,14704,"Putnam, Andrew",2025-493,2025-11-22,2025,25,0
776,13470,"Kizzire, Patton",2025-493,2025-11-22,2025,34,0
776,25094,"Fishburn, Patrick",2025-493,2025-11-22,2025,34,0
776,19208,"Endycott, Harrison",2025-493,2025-11-22,2025,34,0
776,16333,"Hubbard, Mark",2025-493,2025-11-22,2025,34,0
776,15651,"Ventura, Kris",2025-493,2025-11-22,2025,34,0
776,25908,"Whaley, Vince",2025-493,2025-11-22,2025,34,0
776,16395,"Kohles, Ben",2025-493,2025-11-22,2025,34,0
776,15676,"Norgaard, Niklas",2025-493,2025-11-22,2025,41,0
776,15004,"Kim, Chan",2025-493,2025-11-22,2025,41,0
776,26653,"Eckroat, Austin",2025-493,2025-11-22,2025,41,0
776,11451,"Garnett, Brice",2025-493,2025-11-22,2025,41,0
776,6931,"Byrd, Jonathan",2025-493,2025-11-22,2025,41,0
776,12423,"Kirk, Chris",2025-493,2025-11-22,2025,41,0
776,16715,"Ryder, Sam",2025-493,2025-11-22,2025,47,0
776,30892,"Riedel, Matthew",2025-493,2025-11-22,2025,47,0
776,14577,"English, Harris",2025-493,2025-11-22,2025,47,0
776,17381,"Silverman, Ben",2025-493,2025-11-22,2025,47,0
776,29279,"Suber, Jackson",2025-493,2025-11-22,2025,51,0
776,17606,"Berger, Daniel",2025-493,2025-11-22,2025,51,0
776,20706,"Wallace, Matt",2025-493,2025-11-22,2025,51,0
776,28309,"Coody, Pierceson",2025-493,2025-11-22,2025,51,0
776,13367,"Merritt, Troy",2025-493,2025-11-22,2025,51,0
776,15556,"Hughes, Mackenzie",2025-493,2025-11-22,2025,51,0
776,19870,"McCarthy, Denny",2025-493,2025-11-22,2025,51,0
776,24304,"Vilips, Karl",2025-493,2025-11-22,2025,51,0
776,26850,"Svensson, Jesper",2025-493,2025-11-22,2025,51,0
776,29197,"Brennan, Michael",2025-493,2025-11-22,2025,51,0
776,27996,"Cummins, Quade",2025-493,2025-11-22,2025,51,0
776,19840,"Ramey, Chad",2025-493,2025-11-22,2025,62,0
776,18474,"Smalley, Alex",2025-493,2025-11-22,2025,62,0
776,22736,"Rosenmueller, Thomas",2025-493,2025-11-22,2025,64,0
776,15470,"Hossler, Beau",2025-493,2025-11-22,2025,64,0
776,8820,"Snedeker, Brandt",2025-493,2025-11-22,2025,64,0
776,19872,"Riley, Davis",2025-493,2025-11-22,2025,67,0
776,19960,"Pavon, Matthieu",2025-493,2025-11-22,2025,67,0
776,6169,"Kuchar, Matt",2025-493,2025-11-22,2025,67,0
776,13965,"Hadwin, Adam",2025-493,2025-11-22,2025,70,0
776,7961,"Reavie, Chez",2025-493,2025-11-22,2025,71,0
776,11374,"Hahn, James",2025-493,2025-11-22,2025,72,0
776,31188,"Valdes, Brendan",2025-493,2025-11-22,2025,72,0
776,18424,"Roy, Kevin",2025-493,2025-11-22,2025,73,0
776,7960,"List, Luke",2025-493,2025-11-22,2025,73,0
776,31343,"Ford, David",2025-493,2025-11-22,2025,73,0
776,25003,"Walker, Danny",2025-493,2025-11-22,2025,73,0
776,14852,"Streb, Robert",2025-493,2025-11-22,2025,73,0
776,23502,"Thornberry, Braden",2025-493,2025-11-22,2025,73,0
776,8480,"Streelman, Kevin",2025-493,2025-11-22,2025,73,0
776,6986,"Johnson, Zach",2025-493,2025-11-22,2025,73,0
776,28146,"Knade, Peter",2025-493,2025-11-22,2025,73,0
776,32152,"Brown, Blades",2025-493,2025-11-22,2025,73,0
776,9171,"Villegas, Camilo",2025-493,2025-11-22,2025,73,0
776,14509,"Dahmen, Joel",2025-493,2025-11-22,2025,73,0
776,23542,"Champ, Cameron",2025-493,2025-11-22,2025,73,0
776,22002,"Dumont de Chassart, Adrien",2025-493,2025-11-22,2025,73,0
776,17723,"Lower, Justin",2025-493,2025-11-22,2025,73,0
776,13412,"Olesen, Thorbjorn",2025-493,2025-11-22,2025,73,0
776,11955,"Frittelli, Dylan",2025-493,2025-11-22,2025,73,0
776,19360,"Atkins, Matt",2025-493,2025-11-22,2025,73,0
776,21875,"Widing, Tim",2025-493,2025-11-22,2025,73,0
776,11328,"Kisner, Kevin",2025-493,2025-11-22,2025,73,0
776,13997,"Svensson, Adam",2025-493,2025-11-22,2025,73,0
776,27420,"Dickson, Taylor",2025-493,2025-11-22,2025,73,0
776,16394,"Jaeger, Stephan",2025-493,2025-11-22,2025,73,0
776,24837,"Goodwin, Noah",2025-493,2025-11-22,2025,73,0
776,22087,"Paul, Jeremy",2025-493,2025-11-22,2025,73,0
776,7899,"Piercy, Scott",2025-493,2025-11-22,2025,73,0
776,14698,"Bramlett, Joseph",2025-493,2025-11-22,2025,73,0
776,21235,"Albertson, Anders",2025-493,2025-11-22,2025,73,0
776,22760,"Hisatsune, Ryo",2025-493,2025-11-22,2025,73,0
776,25263,"Onishi, Kaito",2025-493,2025-11-22,2025,73,0
776,31212,"Chandler, Will",2025-493,2025-11-22,2025,73,0
776,21412,"Capan III, Frankie",2025-493,2025-11-22,2025,73,0
776,27183,"Salinda, Isaiah",2025-493,2025-11-22,2025,73,0
776,25442,"Montgomery, Taylor",2025-493,2025-11-22,2025,73,0
776,28469,"Highsmith, Joe",2025-493,2025-11-22,2025,73,0
776,21944,"Moore, Taylor",2025-493,2025-11-22,2025,73,0
776,23599,"Westmoreland, Kyle",2025-493,2025-11-22,2025,73,0
776,12169,"Gainey, Tommy",2025-493,2025-11-22,2025,73,0
776,15980,"Lipsky, David",2025-493,2025-11-22,2025,73,0
776,11441,"Covello, Vince",2025-493,2025-11-22,2025,73,0
776,29433,"Bridgeman, Jacob",2025-493,2025-11-22,2025,73,0
776,14502,"Cauley, Bud",2025-493,2025-11-22,2025,73,0
776,20344,"Polland, Ben",2025-493,2025-11-22,2025,73,0
776,6419,"McNeill, George",2025-493,2025-11-22,2025,73,0
776,19477,"Schenk, Adam",2025-493,2025-11-22,2025,73,0
889,19865,"Hardy, Nick",2025-493,2025-11-22,2025,73,0
889,23014,"Theegala, Sahith",2025-493,2025-11-22,2025,73,0
889,15330,"Griffin, Lanto",2025-493,2025-11-22,2025,73,0
889,26657,"Fisk, Steven",2025-493,2025-11-22,2025,73,0
889,8825,"Harman, Brian",2025-493,2025-11-22,2025,73,0
889,9586,"Laird, Martin",2025-493,2025-11-22,2025,73,0
889,27762,"Velo, Kevin",2025-493,2025-11-22,2025,73,0
889,12909,"Campos, Rafael",2025-493,2025-11-22,2025,73,0
889,14967,"Hadley, Chesson",2025-493,2025-11-22,2025,73,0
889,17422,"Del Solar, Cristobal",2025-493,2025-11-22,2025,73,0
889,23656,"Young, Carson",2025-493,2025-11-22,2025,73,0
889,21880,"Cone, Trevor",2025-493,2025-11-22,2025,73,0
889,23540,"Andersen, Mason",2025-493,2025-11-22,2025,73,0
889,29671,"Cottam, Kyle",2025-493,2025-11-22,2025,73,0
889,26660,"Gordon, Will",2025-493,2025-11-22,2025,73,0
889,29767,"Gerard, Ryan",2025-493,2025-11-22,2025,73,0
889,19190,"Hoshino, Rikuya",2025-493,2025-11-22,2025,73,0
889,32330,"Clanton, Luke",2025-493,2025-11-22,2025,73,0
889,14140,"Higgs, Harry",2025-493,2025-11-22,2025,73,0
889,21995,"Springer, Hayden",2025-493,2025-11-22,2025,73,0
889,15575,"Hoge, Tom",2025-493,2025-11-22,2025,73,0
889,18635,"Shelton, Robby",2025-493,2025-11-22,2025,73,0
889,25002,"Wu, Dylan",2025-493,2025-11-22,2025,73,0
889,19729,"Kanaya, Takumi",2025-493,2025-11-22,2025,73,0
889,9643,"Blaum, Ryan",2025-493,2025-11-22,2025,73,0
889,16341,"Peterson, Paul",2025-493,2025-11-22,2025,73,0
889,30814,"Sargent, Gordon",2025-493,2025-11-22,2025,73,0
889,10873,"Skinns, David",2025-493,2025-11-22,2025,73,0
889,18187,"Duncan, Tyler",2025-493,2025-11-22,2025,73,0
889,27164,"Phillips, Chandler",2025-493,2025-11-22,2025,73,0
889,16433,"NeSmith, Matt",2025-493,2025-11-22,2025,73,0
889,7301,"Dufner, Jason",2025-493,2025-11-22,2025,73,0
889,18579,"Cook, Austin",2025-493,2025-11-22,2025,73,0
889,7955,"Watney, Nick",2025-493,2025-11-22,2025,73,0
889,12425,"Todd, Brendon",2025-493,2025-11-22,2025,73,0
889,33759,"Howell, Mason",2025-493,2025-11-22,2025,73,0
889,3464,"Love III, Davis",2025-493,2025-11-22,2025,73,0
889,34749,"Sanders, Matt",2025-493,2025-11-22,2025,73,0
765,19477,"Schenk, Adam",2025-528,2025-11-15,2025,1,0
765,27164,"Phillips, Chandler",2025-528,2025-11-15,2025,2,0
765,18474,"Smalley, Alex",2025-528,2025-11-15,2025,3,0
765,21412,"Capan III, Frankie",2025-528,2025-11-15,2025,3,0
765,23505,"McGreevy, Max",2025-528,2025-11-15,2025,3,0
765,19729,"Kanaya, Takumi",2025-528,2025-11-15,2025,3,0
765,25908,"Whaley, Vince",2025-528,2025-11-15,2025,3,0
765,19190,"Hoshino, Rikuya",2025-528,2025-11-15,2025,8,0
765,9171,"Villegas, Camilo",2025-528,2025-11-15,2025,9,0
765,17639,"Blair, Zac",2025-528,2025-11-15,2025,9,0
765,13965,"Hadwin, Adam",2025-528,2025-11-15,2025,11,0
765,10104,"Power, Seamus",2025-528,2025-11-15,2025,11,0
765,24550,"Ghim, Doug",2025-528,2025-11-15,2025,13,0
765,24837,"Goodwin, Noah",2025-528,2025-11-15,2025,14,0
765,15676,"Norgaard, Niklas",2025-528,2025-11-15,2025,14,0
765,26850,"Svensson, Jesper",2025-528,2025-11-15,2025,14,0
765,6931,"Byrd, Jonathan",2025-528,2025-11-15,2025,14,0
765,25002,"Wu, Dylan",2025-528,2025-11-15,2025,18,0
765,23816,"Valimaki, Sami",2025-528,2025-11-15,2025,18,0
765,27183,"Salinda, Isaiah",2025-528,2025-11-15,2025,18,0
765,29197,"Brennan, Michael",2025-528,2025-11-15,2025,18,0
765,23504,"Hoey, Rico",2025-528,2025-11-15,2025,22,0
765,21995,"Springer, Hayden",2025-528,2025-11-15,2025,22,0
765,23502,"Thornberry, Braden",2025-528,2025-11-15,2025,22,0
765,28309,"Coody, Pierceson",2025-528,2025-11-15,2025,22,0
765,15004,"Kim, Chan",2025-528,2025-11-15,2025,22,0
765,23540,"Andersen, Mason",2025-528,2025-11-15,2025,22,0
765,31960,"Hastings, Justin",2025-528,2025-11-15,2025,22,0
765,30892,"Riedel, Matthew",2025-528,2025-11-15,2025,29,0
765,14140,"Higgs, Harry",2025-528,2025-11-15,2025,29,0
765,13412,"Olesen, Thorbjorn",2025-528,2025-11-15,2025,29,0
765,22736,"Rosenmueller, Thomas",2025-528,2025-11-15,2025,29,0
765,26657,"Fisk, Steven",2025-528,2025-11-15,2025,29,0
765,15651,"Ventura, Kris",2025-528,2025-11-15,2025,34,0
765,25094,"Fishburn, Patrick",2025-528,2025-11-15,2025,34,0
765,26660,"Gordon, Will",2025-528,2025-11-15,2025,34,0
765,32152,"Brown, Blades",2025-528,2025-11-15,2025,34,0
765,7655,"Molinari, Francesco",2025-528,2025-11-15,2025,34,0
765,20722,"Schmid, Matti",2025-528,2025-11-15,2025,34,0
765,25442,"Montgomery, Taylor",2025-528,2025-11-15,2025,34,0
765,18424,"Roy, Kevin",2025-528,2025-11-15,2025,34,0
765,23014,"Theegala, Sahith",2025-528,2025-11-15,2025,42,0
765,9586,"Laird, Martin",2025-528,2025-11-15,2025,42,0
765,16433,"NeSmith, Matt",2025-528,2025-11-15,2025,42,0
765,8820,"Snedeker, Brandt",2025-528,2025-11-15,2025,42,0
765,18761,"Mullinax, Trey",2025-528,2025-11-15,2025,46,0
765,22833,"Echavarria, Nico",2025-528,2025-11-15,2025,46,0
765,22087,"Paul, Jeremy",2025-528,2025-11-15,2025,46,0
765,23482,"Sigg, Greyson",2025-528,2025-11-15,2025,46,0
765,6169,"Kuchar, Matt",2025-528,2025-11-15,2025,46,0
765,27820,"Pak, John",2025-528,2025-11-15,2025,46,0
765,16341,"Peterson, Paul",2025-528,2025-11-15,2025,52,0
765,22760,"Hisatsune, Ryo",2025-528,2025-11-15,2025,52,0
765,19208,"Endycott, Harrison",2025-528,2025-11-15,2025,52,0
765,23656,"Young, Carson",2025-528,2025-11-15,2025,55,0
765,27762,"Velo, Kevin",2025-528,2025-11-15,2025,55,0
765,27420,"Dickson, Taylor",2025-528,2025-11-15,2025,55,0
765,18770,"Rozner, Antoine",2025-528,2025-11-15,2025,58,0
765,34445,"Watts, Tyler",2025-528,2025-11-15,2025,58,0
765,12920,"Willett, Danny",2025-528,2025-11-15,2025,60,0
765,8480,"Streelman, Kevin",2025-528,2025-11-15,2025,61,0
765,11460,"Manassero, Matteo",2025-528,2025-11-15,2025,61,0
765,16395,"Kohles, Ben",2025-528,2025-11-15,2025,61,0
765,18187,"Duncan, Tyler",2025-528,2025-11-15,2025,61,0
765,25157,"Hodges, Lee",2025-528,2025-11-15,2025,61,0
765,32446,"Wolcott, Hunter",2025-528,2025-11-15,2025,61,0
765,25263,"Onishi, Kaito",2025-528,2025-11-15,2025,67,0
765,10873,"Skinns, David",2025-528,2025-11-15,2025,67,0
765,14704,"Putnam, Andrew",2025-528,2025-11-15,2025,67,0
765,7820,"Palmer, Ryan",2025-528,2025-11-15,2025,70,0
765,33952,"Peacock, Jake",2025-528,2025-11-15,2025,71,0
765,21880,"Cone, Trevor",2025-528,2025-11-15,2025,71,0
765,29279,"Suber, Jackson",2025-528,2025-11-15,2025,71,0
765,20706,"Wallace, Matt",2025-528,2025-11-15,2025,71,0
765,7899,"Piercy, Scott",2025-528,2025-11-15,2025,71,0
765,17881,"Yu, Kevin",2025-528,2025-11-15,2025,71,0
765,14698,"Bramlett, Joseph",2025-528,2025-11-15,2025,71,0
765,15980,"Lipsky, David",2025-528,2025-11-15,2025,71,0
765,11441,"Covello, Vince",2025-528,2025-11-15,2025,71,0
765,25569,"Stevens, Sam",2025-528,2025-11-15,2025,71,0
765,12909,"Campos, Rafael",2025-528,2025-11-15,2025,71,0
765,20730,"Perez, Victor",2025-528,2025-11-15,2025,71,0
765,11657,"Norlander, Henrik",2025-528,2025-11-15,2025,71,0
765,19865,"Hardy, Nick",2025-528,2025-11-15,2025,71,0
765,14007,"Martin, Ben",2025-528,2025-11-15,2025,71,0
765,16715,"Ryder, Sam",2025-528,2025-11-15,2025,71,0
765,16283,"Rodgers, Patrick",2025-528,2025-11-15,2025,71,0
765,13997,"Svensson, Adam",2025-528,2025-11-15,2025,71,0
765,31343,"Ford, David",2025-528,2025-11-15,2025,71,0
765,16333,"Hubbard, Mark",2025-528,2025-11-15,2025,71,0
765,15330,"Griffin, Lanto",2025-528,2025-11-15,2025,71,0
765,32330,"Clanton, Luke",2025-528,2025-11-15,2025,71,0
765,17422,"Del Solar, Cristobal",2025-528,2025-11-15,2025,71,0
765,21944,"Moore, Taylor",2025-528,2025-11-15,2025,71,0
765,27819,"Castillo, Ricky",2025-528,2025-11-15,2025,71,0
765,21756,"Cole, Eric",2025-528,2025-11-15,2025,71,0
765,17723,"Lower, Justin",2025-528,2025-11-15,2025,71,0
765,27328,"Leseur, Kenny",2025-528,2025-11-15,2025,71,0
765,15470,"Hossler, Beau",2025-528,2025-11-15,2025,71,0
765,19960,"Pavon, Matthieu",2025-528,2025-11-15,2025,71,0
765,17381,"Silverman, Ben",2025-528,2025-11-15,2025,71,0
765,18579,"Cook, Austin",2025-528,2025-11-15,2025,71,0
765,24562,"Knowles, Philip",2025-528,2025-11-15,2025,71,0
765,34730,"Haddrell, Will",2025-528,2025-11-15,2025,71,0
765,25363,"Buckley, Hayden",2025-528,2025-11-15,2025,71,0
765,28355,"Anderson, Samuel",2025-528,2025-11-15,2025,71,0
765,34731,"Zielinski, Andrew",2025-528,2025-11-15,2025,71,0
765,25003,"Walker, Danny",2025-528,2025-11-15,2025,71,0
765,14852,"Streb, Robert",2025-528,2025-11-15,2025,71,0
765,31649,"Couilleau, Oscar",2025-528,2025-11-15,2025,71,0
765,27996,"Cummins, Quade",2025-528,2025-11-15,2025,71,0
765,25334,"Johnson, Chase",2025-528,2025-11-15,2025,71,0
765,31779,"Betschart, Oliver",2025-528,2025-11-15,2025,71,0
765,23542,"Champ, Cameron",2025-528,2025-11-15,2025,71,0
765,21786,"Smart, Henry",2025-528,2025-11-15,2025,71,0
765,18531,"Ferrier, Paul",2025-528,2025-11-15,2025,71,0
765,31212,"Chandler, Will",2025-528,2025-11-15,2025,71,0
765,19840,"Ramey, Chad",2025-528,2025-11-15,2025,71,0
765,33101,"Doyle, Drew",2025-528,2025-11-15,2025,71,0
919,24968,"Griffin, Ben",2025-457,2025-11-08,2025,1,0
919,19840,"Ramey, Chad",2025-457,2025-11-08,2025,2,0
919,23816,"Valimaki, Sami",2025-457,2025-11-08,2025,2,0
919,24342,"Higgo, Garrick",2025-457,2025-11-08,2025,4,0
919,21880,"Cone, Trevor",2025-457,2025-11-08,2025,4,0
919,23656,"Young, Carson",2025-457,2025-11-08,2025,6,0
919,16283,"Rodgers, Patrick",2025-457,2025-11-08,2025,6,0
919,20722,"Schmid, Matti",2025-457,2025-11-08,2025,8,0
919,28270,"Dunlap, Nick",2025-457,2025-11-08,2025,8,0
919,21756,"Cole, Eric",2025-457,2025-11-08,2025,10,0
919,6169,"Kuchar, Matt",2025-457,2025-11-08,2025,11,0
919,29279,"Suber, Jackson",2025-457,2025-11-08,2025,11,0
919,17536,"Spaun, J.J.",2025-457,2025-11-08,2025,11,0
919,22833,"Echavarria, Nico",2025-457,2025-11-08,2025,14,0
919,13412,"Olesen, Thorbjorn",2025-457,2025-11-08,2025,14,0
919,22087,"Paul, Jeremy",2025-457,2025-11-08,2025,16,0
919,22736,"Rosenmueller, Thomas",2025-457,2025-11-08,2025,17,0
919,25908,"Whaley, Vince",2025-457,2025-11-08,2025,17,0
919,15470,"Hossler, Beau",2025-457,2025-11-08,2025,17,0
919,27820,"Pak, John",2025-457,2025-11-08,2025,17,0
919,15575,"Hoge, Tom",2025-457,2025-11-08,2025,21,0
919,17381,"Silverman, Ben",2025-457,2025-11-08,2025,21,0
919,20730,"Perez, Victor",2025-457,2025-11-08,2025,21,0
919,21944,"Moore, Taylor",2025-457,2025-11-08,2025,21,0
919,13997,"Svensson, Adam",2025-457,2025-11-08,2025,21,0
919,23504,"Hoey, Rico",2025-457,2025-11-08,2025,21,0
919,10104,"Power, Seamus",2025-457,2025-11-08,2025,27,0
919,15651,"Ventura, Kris",2025-457,2025-11-08,2025,27,0
919,7655,"Molinari, Francesco",2025-457,2025-11-08,2025,27,0
919,31212,"Chandler, Will",2025-457,2025-11-08,2025,27,0
919,24550,"Ghim, Doug",2025-457,2025-11-08,2025,31,0
919,23540,"Andersen, Mason",2025-457,2025-11-08,2025,31,0
919,28309,"Coody, Pierceson",2025-457,2025-11-08,2025,31,0
919,13470,"Kizzire, Patton",2025-457,2025-11-08,2025,31,0
919,26649,"Thorbjornsen, Michael",2025-457,2025-11-08,2025,31,0
919,19960,"Pavon, Matthieu",2025-457,2025-11-08,2025,31,0
919,15980,"Lipsky, David",2025-457,2025-11-08,2025,31,0
919,20706,"Wallace, Matt",2025-457,2025-11-08,2025,31,0
919,17723,"Lower, Justin",2025-457,2025-11-08,2025,31,0
919,22760,"Hisatsune, Ryo",2025-457,2025-11-08,2025,40,0
919,29770,"Mouw, William",2025-457,2025-11-08,2025,40,0
919,14509,"Dahmen, Joel",2025-457,2025-11-08,2025,40,0
919,25157,"Hodges, Lee",2025-457,2025-11-08,2025,40,0
919,14704,"Putnam, Andrew",2025-457,2025-11-08,2025,40,0
919,31343,"Ford, David",2025-457,2025-11-08,2025,40,0
919,32330,"Clanton, Luke",2025-457,2025-11-08,2025,46,0
919,10873,"Skinns, David",2025-457,2025-11-08,2025,46,0
919,27420,"Dickson, Taylor",2025-457,2025-11-08,2025,46,0
919,23482,"Sigg, Greyson",2025-457,2025-11-08,2025,46,0
919,28146,"Knade, Peter",2025-457,2025-11-08,2025,46,0
919,29433,"Bridgeman, Jacob",2025-457,2025-11-08,2025,46,0
919,30739,"Madariaga, Alejandro",2025-457,2025-11-08,2025,46,0
919,11441,"Covello, Vince",2025-457,2025-11-08,2025,53,0
919,13965,"Hadwin, Adam",2025-457,2025-11-08,2025,53,0
919,26657,"Fisk, Steven",2025-457,2025-11-08,2025,53,0
919,25363,"Buckley, Hayden",2025-457,2025-11-08,2025,56,0
919,23505,"McGreevy, Max",2025-457,2025-11-08,2025,56,0
919,12808,"Grillo, Emiliano",2025-457,2025-11-08,2025,56,0
919,29197,"Brennan, Michael",2025-457,2025-11-08,2025,59,0
919,26653,"Eckroat, Austin",2025-457,2025-11-08,2025,59,0
919,17639,"Blair, Zac",2025-457,2025-11-08,2025,59,0
919,23465,"Greyserman, Max",2025-457,2025-11-08,2025,62,0
919,26660,"Gordon, Will",2025-457,2025-11-08,2025,63,0
919,16395,"Kohles, Ben",2025-457,2025-11-08,2025,63,0
919,17365,"Mitchell, Keith",2025-457,2025-11-08,2025,63,0
919,19729,"Kanaya, Takumi",2025-457,2025-11-08,2025,63,0
919,30814,"Sargent, Gordon",2025-457,2025-11-08,2025,63,0
919,24837,"Goodwin, Noah",2025-457,2025-11-08,2025,63,0
919,27762,"Velo, Kevin",2025-457,2025-11-08,2025,69,0
919,19477,"Schenk, Adam",2025-457,2025-11-08,2025,69,0
919,8480,"Streelman, Kevin",2025-457,2025-11-08,2025,71,0
919,27996,"Cummins, Quade",2025-457,2025-11-08,2025,72,0
919,28016,"Gonzalez, Emilio",2025-457,2025-11-08,2025,72,0
919,19190,"Hoshino, Rikuya",2025-457,2025-11-08,2025,74,0
919,7960,"List, Luke",2025-457,2025-11-08,2025,75,0
919,33761,"Weaver, Tyler",2025-457,2025-11-08,2025,76,0
919,19865,"Hardy, Nick",2025-457,2025-11-08,2025,76,0
919,21995,"Springer, Hayden",2025-457,2025-11-08,2025,76,0
919,16333,"Hubbard, Mark",2025-457,2025-11-08,2025,76,0
919,27819,"Castillo, Ricky",2025-457,2025-11-08,2025,76,0
919,8820,"Snedeker, Brandt",2025-457,2025-11-08,2025,76,0
919,19872,"Riley, Davis",2025-457,2025-11-08,2025,76,0
919,32457,"Keefer, Johnny",2025-457,2025-11-08,2025,76,0
919,25094,"Fishburn, Patrick",2025-457,2025-11-08,2025,76,0
919,7820,"Palmer, Ryan",2025-457,2025-11-08,2025,76,0
919,16341,"Peterson, Paul",2025-457,2025-11-08,2025,76,0
919,15556,"Hughes, Mackenzie",2025-457,2025-11-08,2025,76,0
919,4163,"Donald, Luke",2025-457,2025-11-08,2025,76,0
919,23604,"Clark, Wyndham",2025-457,2025-11-08,2025,76,0
919,13126,"Taylor, Nick",2025-457,2025-11-08,2025,76,0
919,11657,"Norlander, Henrik",2025-457,2025-11-08,2025,76,0
919,25442,"Montgomery, Taylor",2025-457,2025-11-08,2025,76,0
919,30891,"Morales, Omar",2025-457,2025-11-08,2025,76,0
919,15330,"Griffin, Lanto",2025-457,2025-11-08,2025,76,0
919,28469,"Highsmith, Joe",2025-457,2025-11-08,2025,76,0
919,27164,"Phillips, Chandler",2025-457,2025-11-08,2025,76,0
919,17881,"Yu, Kevin",2025-457,2025-11-08,2025,76,0
919,18424,"Roy, Kevin",2025-457,2025-11-08,2025,76,0
919,24538,"Longmire, David",2025-457,2025-11-08,2025,76,0
919,25263,"Onishi, Kaito",2025-457,2025-11-08,2025,76,0
919,17422,"Del Solar, Cristobal",2025-457,2025-11-08,2025,76,0
919,18761,"Mullinax, Trey",2025-457,2025-11-08,2025,76,0
919,21412,"Capan III, Frankie",2025-457,2025-11-08,2025,76,0
919,27183,"Salinda, Isaiah",2025-457,2025-11-08,2025,76,0
919,15676,"Norgaard, Niklas",2025-457,2025-11-08,2025,76,0
919,15004,"Kim, Chan",2025-457,2025-11-08,2025,76,0
919,17550,"van Rooyen, Erik",2025-457,2025-11-08,2025,76,0
919,16394,"Jaeger, Stephan",2025-457,2025-11-08,2025,76,0
919,18770,"Rozner, Antoine",2025-457,2025-11-08,2025,76,0
919,14140,"Higgs, Harry",2025-457,2025-11-08,2025,76,0
919,12909,"Campos, Rafael",2025-457,2025-11-08,2025,76,0
919,16715,"Ryder, Sam",2025-457,2025-11-08,2025,76,0
919,23502,"Thornberry, Braden",2025-457,2025-11-08,2025,76,0
919,19620,"Pereda, Raul",2025-457,2025-11-08,2025,76,0
919,30892,"Riedel, Matthew",2025-457,2025-11-08,2025,76,0
919,34683,"Gil Leyva, Emilio",2025-457,2025-11-08,2025,76,0
919,13196,"Sapp, Garrett",2025-457,2025-11-08,2025,76,0
919,26850,"Svensson, Jesper",2025-457,2025-11-08,2025,76,0
919,34709,"Park, Hogan",2025-457,2025-11-08,2025,76,0
704,18417,"Scheffler, Scottie",2026-2,2026-01-24,2026,1,0
704,9771,"Day, Jason",2026-2,2026-01-24,2026,2,0
704,14704,"Putnam, Andrew",2026-2,2026-01-24,2026,2,0
704,29767,"Gerard, Ryan",2026-2,2026-01-24,2026,2,0
704,28635,"McCarty, Matt",2026-2,2026-01-24,2026,2,0
704,25569,"Stevens, Sam",2026-2,2026-01-24,2026,6,0
704,14609,"Kim, Si Woo",2026-2,2026-01-24,2026,6,0
704,23014,"Theegala, Sahith",2026-2,2026-01-24,2026,8,0
704,15575,"Hoge, Tom",2026-2,2026-01-24,2026,8,0
704,22985,"Smotherman, Austin",2026-2,2026-01-24,2026,8,0
704,14578,"Henley, Russell",2026-2,2026-01-24,2026,8,0
704,15310,"Li, Haotong",2026-2,2026-01-24,2026,8,0
704,15466,"Cantlay, Patrick",2026-2,2026-01-24,2026,13,0
704,31343,"Ford, David",2026-2,2026-01-24,2026,13,0
704,19846,"Bauchou, Zach",2026-2,2026-01-24,2026,13,0
704,23604,"Clark, Wyndham",2026-2,2026-01-24,2026,13,0
704,29433,"Bridgeman, Jacob",2026-2,2026-01-24,2026,13,0
704,32152,"Brown, Blades",2026-2,2026-01-24,2026,18,0
704,19428,"Zalatoris, Will",2026-2,2026-01-24,2026,18,0
704,21688,"Kim, S.H.",2026-2,2026-01-24,2026,18,0
704,28309,"Coody, Pierceson",2026-2,2026-01-24,2026,18,0
704,12965,"Fowler, Rickie",2026-2,2026-01-24,2026,18,0
704,24304,"Vilips, Karl",2026-2,2026-01-24,2026,18,0
704,27194,"Hall, Harry",2026-2,2026-01-24,2026,24,0
704,6430,"Scott, Adam",2026-2,2026-01-24,2026,24,0
704,24968,"Griffin, Ben",2026-2,2026-01-24,2026,24,0
704,16715,"Ryder, Sam",2026-2,2026-01-24,2026,27,0
704,21756,"Cole, Eric",2026-2,2026-01-24,2026,27,0
704,32457,"Keefer, Johnny",2026-2,2026-01-24,2026,27,0
704,14577,"English, Harris",2026-2,2026-01-24,2026,27,0
704,11276,"Horschel, Billy",2026-2,2026-01-24,2026,27,0
704,17538,"Homa, Max",2026-2,2026-01-24,2026,27,0
704,18586,"Smith, Jordan",2026-2,2026-01-24,2026,27,0
704,19483,"Burns, Sam",2026-2,2026-01-24,2026,27,0
704,19960,"Pavon, Matthieu",2026-2,2026-01-24,2026,27,0
704,23505,"McGreevy, Max",2026-2,2026-01-24,2026,27,0
704,13126,"Taylor, Nick",2026-2,2026-01-24,2026,27,0
704,24766,"Kim, Tom",2026-2,2026-01-24,2026,38,0
704,16841,"Lee, Min Woo",2026-2,2026-01-24,2026,38,0
704,14509,"Dahmen, Joel",2026-2,2026-01-24,2026,38,0
704,21554,"Poston, J.T.",2026-2,2026-01-24,2026,38,0
704,18103,"Bezuidenhout, Christiaan",2026-2,2026-01-24,2026,38,0
704,23323,"MacIntyre, Robert",2026-2,2026-01-24,2026,38,0
704,25002,"Wu, Dylan",2026-2,2026-01-24,2026,44,0
704,12909,"Campos, Rafael",2026-2,2026-01-24,2026,44,0
704,17365,"Mitchell, Keith",2026-2,2026-01-24,2026,44,0
704,21883,"Ewart, A.J.",2026-2,2026-01-24,2026,44,0
704,23656,"Young, Carson",2026-2,2026-01-24,2026,44,0
704,16283,"Rodgers, Patrick",2026-2,2026-01-24,2026,44,0
704,15980,"Lipsky, David",2026-2,2026-01-24,2026,44,0
704,27819,"Castillo, Ricky",2026-2,2026-01-24,2026,44,0
704,23838,"Hojgaard, Rasmus",2026-2,2026-01-24,2026,44,0
704,6169,"Kuchar, Matt",2026-2,2026-01-24,2026,44,0
704,18474,"Smalley, Alex",2026-2,2026-01-24,2026,44,0
704,22760,"Hisatsune, Ryo",2026-2,2026-01-24,2026,44,0
704,29197,"Brennan, Michael",2026-2,2026-01-24,2026,56,0
704,19870,"McCarthy, Denny",2026-2,2026-01-24,2026,56,0
704,23465,"Greyserman, Max",2026-2,2026-01-24,2026,56,0
704,21944,"Moore, Taylor",2026-2,2026-01-24,2026,56,0
704,13764,"Parry, John",2026-2,2026-01-24,2026,56,0
704,19872,"Riley, Davis",2026-2,2026-01-24,2026,56,0
704,17606,"Berger, Daniel",2026-2,2026-01-24,2026,56,0
704,30620,"Chatfield, Davis",2026-2,2026-01-24,2026,63,0
704,27164,"Phillips, Chandler",2026-2,2026-01-24,2026,63,0
704,28159,"Meissner, Mac",2026-2,2026-01-24,2026,63,0
704,19840,"Ramey, Chad",2026-2,2026-01-24,2026,63,0
704,10104,"Power, Seamus",2026-2,2026-01-24,2026,63,0
704,17646,"Fitzpatrick, Matt",2026-2,2026-01-24,2026,63,0
704,22002,"Dumont de Chassart, Adrien",2026-2,2026-01-24,2026,69,0
704,6986,"Johnson, Zach",2026-2,2026-01-24,2026,70,0
704,14792,"Saddier, Adrien",2026-2,2026-01-24,2026,70,0
704,12577,"Woodland, Gary",2026-2,2026-01-24,2026,72,0
704,16757,"Dou, Zecheng",2026-2,2026-01-24,2026,73,0
704,17780,"Pendrith, Taylor",2026-2,2026-01-24,2026,74,0
704,11451,"Garnett, Brice",2026-2,2026-01-24,2026,74,0
704,14502,"Cauley, Bud",2026-2,2026-01-24,2026,74,0
704,21074,"Nakajima, Keita",2026-2,2026-01-24,2026,74,0
704,9171,"Villegas, Camilo",2026-2,2026-01-24,2026,74,0
704,23475,"Novak, Andrew",2026-2,2026-01-24,2026,74,0
704,8480,"Streelman, Kevin",2026-2,2026-01-24,2026,74,0
704,11676,"Finau, Tony",2026-2,2026-01-24,2026,74,0
704,6093,"Rose, Justin",2026-2,2026-01-24,2026,74,0
704,14926,"Malnati, Peter",2026-2,2026-01-24,2026,74,0
704,15330,"Griffin, Lanto",2026-2,2026-01-24,2026,74,0
704,17550,"van Rooyen, Erik",2026-2,2026-01-24,2026,74,0
704,26649,"Thorbjornsen, Michael",2026-2,2026-01-24,2026,74,0
704,17881,"Yu, Kevin",2026-2,2026-01-24,2026,74,0
704,21412,"Capan III, Frankie",2026-2,2026-01-24,2026,74,0
704,16162,"Lee, S.T.",2026-2,2026-01-24,2026,74,0
704,29770,"Mouw, William",2026-2,2026-01-24,2026,74,0
704,30814,"Sargent, Gordon",2026-2,2026-01-24,2026,74,0
704,22833,"Echavarria, Nico",2026-2,2026-01-24,2026,74,0
704,24956,"Blanchet, Chandler",2026-2,2026-01-24,2026,74,0
704,25094,"Fishburn, Patrick",2026-2,2026-01-24,2026,74,0
704,29279,"Suber, Jackson",2026-2,2026-01-24,2026,74,0
704,17511,"Straka, Sepp",2026-2,2026-01-24,2026,74,0
704,26096,"Bhatia, Akshay",2026-2,2026-01-24,2026,74,0
704,15473,"Long, Adam",2026-2,2026-01-24,2026,74,0
704,17786,"Davis, Cam",2026-2,2026-01-24,2026,74,0
704,24343,"Lamprecht, Christo",2026-2,2026-01-24,2026,74,0
202,29925,"Yellamaraju, Sudarshan",2026-2,2026-01-24,2026,74,0
202,26653,"Eckroat, Austin",2026-2,2026-01-24,2026,74,0
202,24550,"Ghim, Doug",2026-2,2026-01-24,2026,74,0
202,19729,"Kanaya, Takumi",2026-2,2026-01-24,2026,74,0
202,21943,"Lebioda, Hank",2026-2,2026-01-24,2026,74,0
202,14140,"Higgs, Harry",2026-2,2026-01-24,2026,74,0
202,12423,"Kirk, Chris",2026-2,2026-01-24,2026,74,0
202,20706,"Wallace, Matt",2026-2,2026-01-24,2026,74,0
202,26850,"Svensson, Jesper",2026-2,2026-01-24,2026,74,0
202,28016,"Gonzalez, Emilio",2026-2,2026-01-24,2026,74,0
202,26657,"Fisk, Steven",2026-2,2026-01-24,2026,74,0
202,12808,"Grillo, Emiliano",2026-2,2026-01-24,2026,74,0
202,20766,"Brown, Dan",2026-2,2026-01-24,2026,74,0
202,23816,"Valimaki, Sami",2026-2,2026-01-24,2026,74,0
202,25908,"Whaley, Vince",2026-2,2026-01-24,2026,74,0
202,20954,"Hirata, Kensei",2026-2,2026-01-24,2026,74,0
202,15556,"Hughes, Mackenzie",2026-2,2026-01-24,2026,74,0
202,13508,"Vegas, Jhonattan",2026-2,2026-01-24,2026,74,0
202,27183,"Salinda, Isaiah",2026-2,2026-01-24,2026,74,0
202,20722,"Schmid, Matti",2026-2,2026-01-24,2026,74,0
202,16333,"Hubbard, Mark",2026-2,2026-01-24,2026,74,0
202,17723,"Lower, Justin",2026-2,2026-01-24,2026,74,0
202,19477,"Schenk, Adam",2026-2,2026-01-24,2026,74,0
202,14000,"Landry, Andrew",2026-2,2026-01-24,2026,74,0
233,21891,"Kitayama, Kurt",2026-2,2026-01-24,2026,74,0
233,15651,"Ventura, Kris",2026-2,2026-01-24,2026,74,0
233,8820,"Snedeker, Brandt",2026-2,2026-01-24,2026,74,0
233,27364,"Thompson, Davis",2026-2,2026-01-24,2026,74,0
233,16394,"Jaeger, Stephan",2026-2,2026-01-24,2026,74,0
233,7301,"Dufner, Jason",2026-2,2026-01-24,2026,74,0
233,13997,"Svensson, Adam",2026-2,2026-01-24,2026,74,0
233,17543,"Kim, Michael",2026-2,2026-01-24,2026,74,0
233,18424,"Roy, Kevin",2026-2,2026-01-24,2026,74,0
233,15470,"Hossler, Beau",2026-2,2026-01-24,2026,74,0
233,25157,"Hodges, Lee",2026-2,2026-01-24,2026,74,0
233,10419,"Noren, Alex",2026-2,2026-01-24,2026,74,0
233,25003,"Walker, Danny",2026-2,2026-01-24,2026,74,0
233,8825,"Harman, Brian",2026-2,2026-01-24,2026,74,0
233,21889,"Kang, Jeffrey",2026-2,2026-01-24,2026,74,0
233,13470,"Kizzire, Patton",2026-2,2026-01-24,2026,74,0
233,15004,"Kim, Chan",2026-2,2026-01-24,2026,74,0
233,25319,"VanDerLaan, John",2026-2,2026-01-24,2026,74,0
233,27900,"Potgieter, Aldrich",2026-2,2026-01-24,2026,74,0
233,16591,"Rozo, Marcelo",2026-2,2026-01-24,2026,74,0
233,32055,"Shipley, Neal",2026-2,2026-01-24,2026,74,0
233,28469,"Highsmith, Joe",2026-2,2026-01-24,2026,74,0
233,12333,"Block, Michael",2026-2,2026-01-24,2026,74,0
233,18628,"Campbell, Brian",2026-2,2026-01-24,2026,74,0
233,5768,"Hoffman, Charley",2026-2,2026-01-24,2026,74,0
233,23048,"Stanger, Jimmy",2026-2,2026-01-24,2026,74,0
233,17032,"Tosti, Alejandro",2026-2,2026-01-24,2026,74,0
233,25475,"Nyholm, Pontus",2026-2,2026-01-24,2026,74,0
800,25036,"Holt, Ian",2026-125,2026-01-20,2026,1,0
800,24962,"Docherty, Alistair",2026-125,2026-01-20,2026,2,0
800,31960,"Hastings, Justin",2026-125,2026-01-20,2026,2,0
800,32473,"Botha, Barend",2026-125,2026-01-20,2026,4,0
800,26660,"Gordon, Will",2026-125,2026-01-20,2026,5,0
800,23542,"Champ, Cameron",2026-125,2026-01-20,2026,6,0
800,19869,"Maguire, Jack",2026-125,2026-01-20,2026,6,0
800,14007,"Martin, Ben",2026-125,2026-01-20,2026,6,0
800,21995,"Springer, Hayden",2026-125,2026-01-20,2026,6,0
800,19738,"Dougherty, Kevin",2026-125,2026-01-20,2026,10,0
800,16395,"Kohles, Ben",2026-125,2026-01-20,2026,10,0
800,23502,"Thornberry, Braden",2026-125,2026-01-20,2026,10,0
800,14776,"Cappelen, Sebastian",2026-125,2026-01-20,2026,13,0
800,25363,"Buckley, Hayden",2026-125,2026-01-20,2026,13,0
800,26126,"Meissner, Mitchell",2026-125,2026-01-20,2026,13,0
800,27697,"Sargent, Billy Tom",2026-125,2026-01-20,2026,13,0
800,31955,"Van Paris, Jackson",2026-125,2026-01-20,2026,17,0
800,32152,"Brown, Blades",2026-125,2026-01-20,2026,17,0
800,29324,"Lamb, Davis",2026-125,2026-01-20,2026,17,0
800,26143,"Creighton, Myles",2026-125,2026-01-20,2026,17,0
800,31392,"VanArragon, Caleb",2026-125,2026-01-20,2026,17,0
800,34841,"Meisel, Marshall",2026-125,2026-01-20,2026,17,0
800,19864,"Hammer, Cole",2026-125,2026-01-20,2026,23,0
800,28542,"Hitt, Austin",2026-125,2026-01-20,2026,23,0
800,19360,"Atkins, Matt",2026-125,2026-01-20,2026,23,0
800,18869,"Lamb, Rick",2026-125,2026-01-20,2026,23,0
800,30767,"Gabrelcik, Nick",2026-125,2026-01-20,2026,23,0
800,27598,"Nicholas, James",2026-125,2026-01-20,2026,23,0
800,25213,"Wu, Brandon",2026-125,2026-01-20,2026,29,0
800,29327,"Greaser, Austin",2026-125,2026-01-20,2026,29,0
800,16786,"Fernandez Valdes, Jorge",2026-125,2026-01-20,2026,29,0
800,19948,"Taylor, Ben",2026-125,2026-01-20,2026,29,0
800,29347,"Dossey, Cooper",2026-125,2026-01-20,2026,29,0
800,30621,"Weiler, Joe",2026-125,2026-01-20,2026,29,0
800,26913,"Phillips, Trent",2026-125,2026-01-20,2026,29,0
800,30856,"Eichhorn, Hunter",2026-125,2026-01-20,2026,36,0
800,24837,"Goodwin, Noah",2026-125,2026-01-20,2026,36,0
800,14698,"Bramlett, Joseph",2026-125,2026-01-20,2026,36,0
800,13831,"Knox, Russell",2026-125,2026-01-20,2026,36,0
800,18059,"Suri, Julian",2026-125,2026-01-20,2026,36,0
800,32312,"Sherwood, Cole",2026-125,2026-01-20,2026,41,0
800,27420,"Dickson, Taylor",2026-125,2026-01-20,2026,41,0
800,12424,"Summerhays, Daniel",2026-125,2026-01-20,2026,41,0
800,19865,"Hardy, Nick",2026-125,2026-01-20,2026,41,0
800,23599,"Westmoreland, Kyle",2026-125,2026-01-20,2026,41,0
800,24562,"Knowles, Philip",2026-125,2026-01-20,2026,41,0
800,22461,"White, Brett",2026-125,2026-01-20,2026,41,0
800,31257,"Hitchner, Derek",2026-125,2026-01-20,2026,48,0
800,26656,"Feagles, Michael",2026-125,2026-01-20,2026,48,0
800,26013,"Nimmer, Bryson",2026-125,2026-01-20,2026,48,0
800,29163,"Card III, Jay",2026-125,2026-01-20,2026,51,0
800,18571,"Macdonald, Stuart",2026-125,2026-01-20,2026,51,0
800,12425,"Todd, Brendon",2026-125,2026-01-20,2026,51,0
800,12232,"Ishikawa, Ryo",2026-125,2026-01-20,2026,51,0
800,15427,"Harkins, Brandon",2026-125,2026-01-20,2026,55,0
800,10423,"Brehm, Ryan",2026-125,2026-01-20,2026,55,0
800,27820,"Pak, John",2026-125,2026-01-20,2026,57,0
800,24481,"Redman, Doc",2026-125,2026-01-20,2026,58,0
800,29318,"McAllister, Logan",2026-125,2026-01-20,2026,59,0
800,26190,"Ortiz, Alvaro",2026-125,2026-01-20,2026,59,0
800,24490,"Galletti, Nicolo",2026-125,2026-01-20,2026,61,0
800,31285,"Lewis, Bryce",2026-125,2026-01-20,2026,61,0
800,31192,"Steelman, Ross",2026-125,2026-01-20,2026,63,0
800,33949,"Bacha, Carson",2026-125,2026-01-20,2026,64,0
800,32333,"Buchanan, Jackson",2026-125,2026-01-20,2026,65,0
800,25263,"Onishi, Kaito",2026-125,2026-01-20,2026,65,0
800,26746,"Summerhays, Preston",2026-125,2026-01-20,2026,67,0
800,31251,"Winstead, Trey",2026-125,2026-01-20,2026,68,0
800,14002,"Alexander, Tyson",2026-125,2026-01-20,2026,68,0
800,27870,"Coody, Parker",2026-125,2026-01-20,2026,68,0
800,30429,"Welch, Patrick",2026-125,2026-01-20,2026,68,0
800,23231,"Maichon, Phichaksn",2026-125,2026-01-20,2026,68,0
800,18187,"Duncan, Tyler",2026-125,2026-01-20,2026,68,0
800,25771,"Furr, Wilson",2026-125,2026-01-20,2026,68,0
800,6931,"Byrd, Jonathan",2026-125,2026-01-20,2026,68,0
800,26953,"Gilligan, Ian",2026-125,2026-01-20,2026,68,0
800,17422,"Del Solar, Cristobal",2026-125,2026-01-20,2026,68,0
800,30892,"Riedel, Matthew",2026-125,2026-01-20,2026,68,0
800,33160,"Marzilio, Vicente",2026-125,2026-01-20,2026,68,0
800,27762,"Velo, Kevin",2026-125,2026-01-20,2026,68,0
800,29970,"Menante, Dylan",2026-125,2026-01-20,2026,68,0
800,16492,"Nesbitt, Drew",2026-125,2026-01-20,2026,68,0
800,25091,"Choi, Sam",2026-125,2026-01-20,2026,68,0
800,14050,"Sloan, Roger",2026-125,2026-01-20,2026,68,0
800,22919,"Cannon, Will",2026-125,2026-01-20,2026,68,0
800,18933,"Gandon, Jeremy",2026-125,2026-01-20,2026,68,0
800,8002,"Oppenheim, Rob",2026-125,2026-01-20,2026,68,0
800,33942,"Stewart, Dillon",2026-125,2026-01-20,2026,68,0
800,15120,"Johnson, Michael",2026-125,2026-01-20,2026,68,0
800,17276,"Sullivan, Ryan",2026-125,2026-01-20,2026,68,0
800,31887,"Berry, Brandon",2026-125,2026-01-20,2026,68,0
800,33488,"Song, James",2026-125,2026-01-20,2026,68,0
800,8199,"Levin, Spencer",2026-125,2026-01-20,2026,68,0
800,7961,"Reavie, Chez",2026-125,2026-01-20,2026,68,0
800,13342,"Gibson, Rhein",2026-125,2026-01-20,2026,68,0
800,17266,"Yuan, Carl",2026-125,2026-01-20,2026,68,0
800,27600,"Kuest, Peter",2026-125,2026-01-20,2026,68,0
800,23540,"Andersen, Mason",2026-125,2026-01-20,2026,68,0
800,31272,"Sewell, Chad",2026-125,2026-01-20,2026,68,0
800,22986,"Tuten, Shad",2026-125,2026-01-20,2026,68,0
800,25081,"Humphrey, Theo",2026-125,2026-01-20,2026,68,0
800,9586,"Laird, Martin",2026-125,2026-01-20,2026,68,0
800,21234,"Thomas, Rayhan",2026-125,2026-01-20,2026,68,0
800,26124,"Korte, Chris",2026-125,2026-01-20,2026,68,0
800,28355,"Anderson, Samuel",2026-125,2026-01-20,2026,68,0
800,28471,"Shore, Davis",2026-125,2026-01-20,2026,68,0
800,32462,"Butler, John Marshall",2026-125,2026-01-20,2026,68,0
800,26617,"Anderson, Matthew",2026-125,2026-01-20,2026,68,0
800,31161,"Burnett, Ryan",2026-125,2026-01-20,2026,68,0
800,18164,"Wolfe, Jared",2026-125,2026-01-20,2026,68,0
800,10498,"Overton, Jeff",2026-125,2026-01-20,2026,68,0
800,16433,"NeSmith, Matt",2026-125,2026-01-20,2026,68,0
800,23482,"Sigg, Greyson",2026-125,2026-01-20,2026,68,0
800,24354,"Xiong, Norman",2026-125,2026-01-20,2026,68,0
800,16341,"Peterson, Paul",2026-125,2026-01-20,2026,68,0
800,16566,"Barjon, Paul",2026-125,2026-01-20,2026,68,0
800,31586,"Leach, Tyler",2026-125,2026-01-20,2026,68,0
800,29188,"Salzer, Christian",2026-125,2026-01-20,2026,68,0
800,21880,"Cone, Trevor",2026-125,2026-01-20,2026,68,0
800,22981,"Matthews, Brandon",2026-125,2026-01-20,2026,68,0
800,8085,"Teater, Josh",2026-125,2026-01-20,2026,68,0
800,29684,"Infanti, Nick",2026-125,2026-01-20,2026,68,0
800,18635,"Shelton, Robby",2026-125,2026-01-20,2026,68,0
800,10873,"Skinns, David",2026-125,2026-01-20,2026,68,0
800,28587,"Perkins, David",2026-125,2026-01-20,2026,68,0
800,31212,"Chandler, Will",2026-125,2026-01-20,2026,68,0
800,34859,"Gorospe, Aidan",2026-125,2026-01-20,2026,68,0
510,27774,"Gotterup, Chris",2026-3,2026-02-07,2026,1,0
510,13562,"Matsuyama, Hideki",2026-3,2026-02-07,2026,2,0
510,26649,"Thorbjornsen, Michael",2026-3,2026-02-07,2026,3,0
510,26096,"Bhatia, Akshay",2026-3,2026-02-07,2026,3,0
510,14609,"Kim, Si Woo",2026-3,2026-02-07,2026,3,0
510,18417,"Scheffler, Scottie",2026-3,2026-02-07,2026,3,0
510,23602,"Hojgaard, Nicolai",2026-3,2026-02-07,2026,3,0
510,19396,"Knapp, Jake",2026-3,2026-02-07,2026,8,0
510,17646,"Fitzpatrick, Matt",2026-3,2026-02-07,2026,9,0
510,28309,"Coody, Pierceson",2026-3,2026-02-07,2026,10,0
510,18841,"Hovland, Viktor",2026-3,2026-02-07,2026,10,0
510,22760,"Hisatsune, Ryo",2026-3,2026-02-07,2026,10,0
510,16757,"Dou, Zecheng",2026-3,2026-02-07,2026,13,0
510,18634,"McNealy, Maverick",2026-3,2026-02-07,2026,13,0
510,18424,"Roy, Kevin",2026-3,2026-02-07,2026,13,0
510,18586,"Smith, Jordan",2026-3,2026-02-07,2026,16,0
510,17606,"Berger, Daniel",2026-3,2026-02-07,2026,16,0
510,12965,"Fowler, Rickie",2026-3,2026-02-07,2026,18,0
510,17543,"Kim, Michael",2026-3,2026-02-07,2026,18,0
510,17511,"Straka, Sepp",2026-3,2026-02-07,2026,18,0
510,23014,"Theegala, Sahith",2026-3,2026-02-07,2026,18,0
510,28159,"Meissner, Mac",2026-3,2026-02-07,2026,18,0
510,29433,"Bridgeman, Jacob",2026-3,2026-02-07,2026,18,0
510,23504,"Hoey, Rico",2026-3,2026-02-07,2026,24,0
510,23838,"Hojgaard, Rasmus",2026-3,2026-02-07,2026,24,0
510,21891,"Kitayama, Kurt",2026-3,2026-02-07,2026,24,0
510,11889,"Fox, Ryan",2026-3,2026-02-07,2026,24,0
510,16394,"Jaeger, Stephan",2026-3,2026-02-07,2026,28,0
510,21883,"Ewart, A.J.",2026-3,2026-02-07,2026,28,0
510,13126,"Taylor, Nick",2026-3,2026-02-07,2026,28,0
510,24968,"Griffin, Ben",2026-3,2026-02-07,2026,28,0
510,15556,"Hughes, Mackenzie",2026-3,2026-02-07,2026,28,0
510,14577,"English, Harris",2026-3,2026-02-07,2026,28,0
510,16841,"Lee, Min Woo",2026-3,2026-02-07,2026,28,0
510,13764,"Parry, John",2026-3,2026-02-07,2026,35,0
510,25569,"Stevens, Sam",2026-3,2026-02-07,2026,35,0
510,23604,"Clark, Wyndham",2026-3,2026-02-07,2026,35,0
510,24766,"Kim, Tom",2026-3,2026-02-07,2026,35,0
510,21554,"Poston, J.T.",2026-3,2026-02-07,2026,35,0
510,18474,"Smalley, Alex",2026-3,2026-02-07,2026,35,0
510,17365,"Mitchell, Keith",2026-3,2026-02-07,2026,41,0
510,23816,"Valimaki, Sami",2026-3,2026-02-07,2026,41,0
510,32457,"Keefer, Johnny",2026-3,2026-02-07,2026,41,0
510,21407,"Reitan, Kristoffer",2026-3,2026-02-07,2026,41,0
510,23841,"Neergaard-Petersen, Rasmus",2026-3,2026-02-07,2026,41,0
510,26651,"Young, Cameron",2026-3,2026-02-07,2026,41,0
510,19895,"Schauffele, Xander",2026-3,2026-02-07,2026,41,0
510,23505,"McGreevy, Max",2026-3,2026-02-07,2026,48,0
510,24343,"Lamprecht, Christo",2026-3,2026-02-07,2026,48,0
510,29197,"Brennan, Michael",2026-3,2026-02-07,2026,48,0
510,19846,"Bauchou, Zach",2026-3,2026-02-07,2026,48,0
510,19840,"Ramey, Chad",2026-3,2026-02-07,2026,48,0
510,16162,"Lee, S.T.",2026-3,2026-02-07,2026,48,0
510,21688,"Kim, S.H.",2026-3,2026-02-07,2026,54,0
510,28469,"Highsmith, Joe",2026-3,2026-02-07,2026,54,0
510,29925,"Yellamaraju, Sudarshan",2026-3,2026-02-07,2026,54,0
510,18628,"Campbell, Brian",2026-3,2026-02-07,2026,54,0
510,22085,"Morikawa, Collin",2026-3,2026-02-07,2026,54,0
510,20954,"Hirata, Kensei",2026-3,2026-02-07,2026,54,0
510,25319,"VanDerLaan, John",2026-3,2026-02-07,2026,60,0
510,19729,"Kanaya, Takumi",2026-3,2026-02-07,2026,60,0
510,14792,"Saddier, Adrien",2026-3,2026-02-07,2026,60,0
510,16283,"Rodgers, Patrick",2026-3,2026-02-07,2026,60,0
510,12577,"Woodland, Gary",2026-3,2026-02-07,2026,64,0
510,27364,"Thompson, Davis",2026-3,2026-02-07,2026,64,0
510,27164,"Phillips, Chandler",2026-3,2026-02-07,2026,66,0
510,17538,"Homa, Max",2026-3,2026-02-07,2026,66,0
510,32055,"Shipley, Neal",2026-3,2026-02-07,2026,68,0
510,21943,"Lebioda, Hank",2026-3,2026-02-07,2026,68,0
510,14502,"Cauley, Bud",2026-3,2026-02-07,2026,68,0
510,21074,"Nakajima, Keita",2026-3,2026-02-07,2026,71,0
510,13470,"Kizzire, Patton",2026-3,2026-02-07,2026,72,0
510,17786,"Davis, Cam",2026-3,2026-02-07,2026,73,0
510,12808,"Grillo, Emiliano",2026-3,2026-02-07,2026,74,0
510,14509,"Dahmen, Joel",2026-3,2026-02-07,2026,74,0
510,22002,"Dumont de Chassart, Adrien",2026-3,2026-02-07,2026,74,0
510,23465,"Greyserman, Max",2026-3,2026-02-07,2026,74,0
510,13412,"Olesen, Thorbjorn",2026-3,2026-02-07,2026,74,0
510,18103,"Bezuidenhout, Christiaan",2026-3,2026-02-07,2026,74,0
510,12909,"Campos, Rafael",2026-3,2026-02-07,2026,74,0
510,24304,"Vilips, Karl",2026-3,2026-02-07,2026,74,0
510,16333,"Hubbard, Mark",2026-3,2026-02-07,2026,74,0
510,12423,"Kirk, Chris",2026-3,2026-02-07,2026,74,0
510,14926,"Malnati, Peter",2026-3,2026-02-07,2026,74,0
510,25908,"Whaley, Vince",2026-3,2026-02-07,2026,74,0
510,26653,"Eckroat, Austin",2026-3,2026-02-07,2026,74,0
510,24342,"Higgo, Garrick",2026-3,2026-02-07,2026,74,0
510,16243,"Koepka, Brooks",2026-3,2026-02-07,2026,74,0
510,20766,"Brown, Dan",2026-3,2026-02-07,2026,74,0
510,15575,"Hoge, Tom",2026-3,2026-02-07,2026,74,0
510,28635,"McCarty, Matt",2026-3,2026-02-07,2026,74,0
510,17576,"Conners, Corey",2026-3,2026-02-07,2026,74,0
510,21889,"Kang, Jeffrey",2026-3,2026-02-07,2026,74,0
510,17550,"van Rooyen, Erik",2026-3,2026-02-07,2026,74,0
510,16591,"Rozo, Marcelo",2026-3,2026-02-07,2026,74,0
510,19960,"Pavon, Matthieu",2026-3,2026-02-07,2026,74,0
510,11276,"Horschel, Billy",2026-3,2026-02-07,2026,74,0
510,15310,"Li, Haotong",2026-3,2026-02-07,2026,74,0
510,11676,"Finau, Tony",2026-3,2026-02-07,2026,74,0
510,14636,"Spieth, Jordan",2026-3,2026-02-07,2026,74,0
510,5768,"Hoffman, Charley",2026-3,2026-02-07,2026,74,0
510,24956,"Blanchet, Chandler",2026-3,2026-02-07,2026,74,0
510,22985,"Smotherman, Austin",2026-3,2026-02-07,2026,74,0
510,30620,"Chatfield, Davis",2026-3,2026-02-07,2026,74,0
510,20722,"Schmid, Matti",2026-3,2026-02-07,2026,74,0
510,25475,"Nyholm, Pontus",2026-3,2026-02-07,2026,74,0
510,22833,"Echavarria, Nico",2026-3,2026-02-07,2026,74,0
510,22465,"Penge, Marco",2026-3,2026-02-07,2026,74,0
510,11451,"Garnett, Brice",2026-3,2026-02-07,2026,74,0
510,27900,"Potgieter, Aldrich",2026-3,2026-02-07,2026,74,0
510,19483,"Burns, Sam",2026-3,2026-02-07,2026,74,0
510,27194,"Hall, Harry",2026-3,2026-02-07,2026,74,0
510,8825,"Harman, Brian",2026-3,2026-02-07,2026,74,0
510,11049,"Simpson, Webb",2026-3,2026-02-07,2026,74,0
510,23475,"Novak, Andrew",2026-3,2026-02-07,2026,74,0
510,19872,"Riley, Davis",2026-3,2026-02-07,2026,74,0
510,19477,"Schenk, Adam",2026-3,2026-02-07,2026,74,0
510,25003,"Walker, Danny",2026-3,2026-02-07,2026,74,0
510,17032,"Tosti, Alejandro",2026-3,2026-02-07,2026,74,0
510,21756,"Cole, Eric",2026-3,2026-02-07,2026,74,0
510,29770,"Mouw, William",2026-3,2026-02-07,2026,74,0
510,31585,"Avant, Thomas",2026-3,2026-02-07,2026,74,0
4,6093,"Rose, Justin",2026-4,2026-01-31,2026,1,0
4,28309,"Coody, Pierceson",2026-4,2026-01-31,2026,2,0
4,14609,"Kim, Si Woo",2026-4,2026-01-31,2026,2,0
4,22760,"Hisatsune, Ryo",2026-4,2026-01-31,2026,2,0
4,16394,"Jaeger, Stephan",2026-4,2026-01-31,2026,5,0
4,19396,"Knapp, Jake",2026-4,2026-01-31,2026,5,0
4,14509,"Dahmen, Joel",2026-4,2026-01-31,2026,7,0
4,23475,"Novak, Andrew",2026-4,2026-01-31,2026,7,0
4,23014,"Theegala, Sahith",2026-4,2026-01-31,2026,7,0
4,18634,"McNealy, Maverick",2026-4,2026-01-31,2026,10,0
4,13562,"Matsuyama, Hideki",2026-4,2026-01-31,2026,11,0
4,29767,"Gerard, Ryan",2026-4,2026-01-31,2026,11,0
4,10104,"Power, Seamus",2026-4,2026-01-31,2026,11,0
4,19477,"Schenk, Adam",2026-4,2026-01-31,2026,11,0
4,17365,"Mitchell, Keith",2026-4,2026-01-31,2026,11,0
4,11676,"Finau, Tony",2026-4,2026-01-31,2026,11,0
4,15310,"Li, Haotong",2026-4,2026-01-31,2026,11,0
4,28635,"McCarty, Matt",2026-4,2026-01-31,2026,18,0
4,15980,"Lipsky, David",2026-4,2026-01-31,2026,18,0
4,27774,"Gotterup, Chris",2026-4,2026-01-31,2026,18,0
4,26649,"Thorbjornsen, Michael",2026-4,2026-01-31,2026,18,0
4,23602,"Hojgaard, Nicolai",2026-4,2026-01-31,2026,22,0
4,14577,"English, Harris",2026-4,2026-01-31,2026,22,0
4,26651,"Young, Cameron",2026-4,2026-01-31,2026,22,0
4,15651,"Ventura, Kris",2026-4,2026-01-31,2026,22,0
4,19840,"Ramey, Chad",2026-4,2026-01-31,2026,22,0
4,18103,"Bezuidenhout, Christiaan",2026-4,2026-01-31,2026,27,0
4,21756,"Cole, Eric",2026-4,2026-01-31,2026,27,0
4,16283,"Rodgers, Patrick",2026-4,2026-01-31,2026,27,0
4,6430,"Scott, Adam",2026-4,2026-01-31,2026,30,0
4,25569,"Stevens, Sam",2026-4,2026-01-31,2026,30,0
4,23505,"McGreevy, Max",2026-4,2026-01-31,2026,30,0
4,21407,"Reitan, Kristoffer",2026-4,2026-01-31,2026,30,0
4,27183,"Salinda, Isaiah",2026-4,2026-01-31,2026,30,0
4,20766,"Brown, Dan",2026-4,2026-01-31,2026,30,0
4,23838,"Hojgaard, Rasmus",2026-4,2026-01-31,2026,30,0
4,17723,"Lower, Justin",2026-4,2026-01-31,2026,30,0
4,12808,"Grillo, Emiliano",2026-4,2026-01-31,2026,38,0
4,9771,"Day, Jason",2026-4,2026-01-31,2026,38,0
4,25003,"Walker, Danny",2026-4,2026-01-31,2026,38,0
4,19960,"Pavon, Matthieu",2026-4,2026-01-31,2026,38,0
4,24304,"Vilips, Karl",2026-4,2026-01-31,2026,38,0
4,32457,"Keefer, Johnny",2026-4,2026-01-31,2026,43,0
4,27364,"Thompson, Davis",2026-4,2026-01-31,2026,43,0
4,13764,"Parry, John",2026-4,2026-01-31,2026,43,0
4,27819,"Castillo, Ricky",2026-4,2026-01-31,2026,43,0
4,13872,"Bradley, Keegan",2026-4,2026-01-31,2026,43,0
4,25319,"VanDerLaan, John",2026-4,2026-01-31,2026,43,0
4,28159,"Meissner, Mac",2026-4,2026-01-31,2026,49,0
4,21883,"Ewart, A.J.",2026-4,2026-01-31,2026,49,0
4,16757,"Dou, Zecheng",2026-4,2026-01-31,2026,49,0
4,26653,"Eckroat, Austin",2026-4,2026-01-31,2026,49,0
4,23841,"Neergaard-Petersen, Rasmus",2026-4,2026-01-31,2026,49,0
4,21944,"Moore, Taylor",2026-4,2026-01-31,2026,49,0
4,19870,"McCarthy, Denny",2026-4,2026-01-31,2026,49,0
4,16243,"Koepka, Brooks",2026-4,2026-01-31,2026,56,0
4,29925,"Yellamaraju, Sudarshan",2026-4,2026-01-31,2026,56,0
4,20722,"Schmid, Matti",2026-4,2026-01-31,2026,56,0
4,16715,"Ryder, Sam",2026-4,2026-01-31,2026,59,0
4,24550,"Ghim, Doug",2026-4,2026-01-31,2026,59,0
4,19846,"Bauchou, Zach",2026-4,2026-01-31,2026,59,0
4,15556,"Hughes, Mackenzie",2026-4,2026-01-31,2026,59,0
4,21688,"Kim, S.H.",2026-4,2026-01-31,2026,63,0
4,21074,"Nakajima, Keita",2026-4,2026-01-31,2026,64,0
4,24766,"Kim, Tom",2026-4,2026-01-31,2026,65,0
4,16591,"Rozo, Marcelo",2026-4,2026-01-31,2026,65,0
4,28016,"Gonzalez, Emilio",2026-4,2026-01-31,2026,65,0
4,23604,"Clark, Wyndham",2026-4,2026-01-31,2026,65,0
4,16333,"Hubbard, Mark",2026-4,2026-01-31,2026,69,0
4,23504,"Hoey, Rico",2026-4,2026-01-31,2026,70,0
4,29279,"Suber, Jackson",2026-4,2026-01-31,2026,70,0
4,15575,"Hoge, Tom",2026-4,2026-01-31,2026,70,0
4,17786,"Davis, Cam",2026-4,2026-01-31,2026,70,0
4,20954,"Hirata, Kensei",2026-4,2026-01-31,2026,74,0
4,23816,"Valimaki, Sami",2026-4,2026-01-31,2026,75,0
4,24343,"Lamprecht, Christo",2026-4,2026-01-31,2026,75,0
4,23465,"Greyserman, Max",2026-4,2026-01-31,2026,75,0
4,15470,"Hossler, Beau",2026-4,2026-01-31,2026,75,0
4,30814,"Sargent, Gordon",2026-4,2026-01-31,2026,75,0
4,22985,"Smotherman, Austin",2026-4,2026-01-31,2026,75,0
4,19428,"Zalatoris, Will",2026-4,2026-01-31,2026,75,0
4,6169,"Kuchar, Matt",2026-4,2026-01-31,2026,75,0
4,11657,"Norlander, Henrik",2026-4,2026-01-31,2026,75,0
4,8820,"Snedeker, Brandt",2026-4,2026-01-31,2026,75,0
4,25908,"Whaley, Vince",2026-4,2026-01-31,2026,75,0
4,18424,"Roy, Kevin",2026-4,2026-01-31,2026,75,0
4,31343,"Ford, David",2026-4,2026-01-31,2026,75,0
4,13997,"Svensson, Adam",2026-4,2026-01-31,2026,75,0
4,18474,"Smalley, Alex",2026-4,2026-01-31,2026,75,0
4,5768,"Hoffman, Charley",2026-4,2026-01-31,2026,75,0
4,7960,"List, Luke",2026-4,2026-01-31,2026,75,0
4,21889,"Kang, Jeffrey",2026-4,2026-01-31,2026,75,0
4,22002,"Dumont de Chassart, Adrien",2026-4,2026-01-31,2026,75,0
4,25157,"Hodges, Lee",2026-4,2026-01-31,2026,75,0
4,17032,"Tosti, Alejandro",2026-4,2026-01-31,2026,75,0
4,24342,"Higgo, Garrick",2026-4,2026-01-31,2026,75,0
4,22736,"Rosenmueller, Thomas",2026-4,2026-01-31,2026,75,0
4,25094,"Fishburn, Patrick",2026-4,2026-01-31,2026,75,0
4,28469,"Highsmith, Joe",2026-4,2026-01-31,2026,75,0
4,11276,"Horschel, Billy",2026-4,2026-01-31,2026,75,0
4,21886,"Geddes, Mark",2026-4,2026-01-31,2026,75,0
4,9171,"Villegas, Camilo",2026-4,2026-01-31,2026,75,0
4,21412,"Capan III, Frankie",2026-4,2026-01-31,2026,75,0
4,16162,"Lee, S.T.",2026-4,2026-01-31,2026,75,0
104,25002,"Wu, Dylan",2026-4,2026-01-31,2026,75,0
104,15466,"Cantlay, Patrick",2026-4,2026-01-31,2026,75,0
104,19895,"Schauffele, Xander",2026-4,2026-01-31,2026,75,0
104,17780,"Pendrith, Taylor",2026-4,2026-01-31,2026,75,0
104,26850,"Svensson, Jesper",2026-4,2026-01-31,2026,75,0
104,29770,"Mouw, William",2026-4,2026-01-31,2026,75,0
104,24956,"Blanchet, Chandler",2026-4,2026-01-31,2026,75,0
104,26657,"Fisk, Steven",2026-4,2026-01-31,2026,75,0
104,17881,"Yu, Kevin",2026-4,2026-01-31,2026,75,0
104,13412,"Olesen, Thorbjorn",2026-4,2026-01-31,2026,75,0
104,29304,"Byrd, Marcus",2026-4,2026-01-31,2026,75,0
104,31960,"Hastings, Justin",2026-4,2026-01-31,2026,75,0
104,12577,"Woodland, Gary",2026-4,2026-01-31,2026,75,0
104,27164,"Phillips, Chandler",2026-4,2026-01-31,2026,75,0
104,14926,"Malnati, Peter",2026-4,2026-01-31,2026,75,0
104,15330,"Griffin, Lanto",2026-4,2026-01-31,2026,75,0
104,17536,"Spaun, J.J.",2026-4,2026-01-31,2026,75,0
104,31866,"Logan, Hunter",2026-4,2026-01-31,2026,75,0
104,10419,"Noren, Alex",2026-4,2026-01-31,2026,75,0
104,14792,"Saddier, Adrien",2026-4,2026-01-31,2026,75,0
104,19872,"Riley, Davis",2026-4,2026-01-31,2026,75,0
104,22087,"Paul, Jeremy",2026-4,2026-01-31,2026,75,0
104,18586,"Smith, Jordan",2026-4,2026-01-31,2026,75,0
104,25475,"Nyholm, Pontus",2026-4,2026-01-31,2026,75,0
104,22051,"Wise, Aaron",2026-4,2026-01-31,2026,75,0
104,17538,"Homa, Max",2026-4,2026-01-31,2026,75,0
104,26096,"Bhatia, Akshay",2026-4,2026-01-31,2026,75,0
104,32330,"Clanton, Luke",2026-4,2026-01-31,2026,75,0
104,27900,"Potgieter, Aldrich",2026-4,2026-01-31,2026,75,0
104,19729,"Kanaya, Takumi",2026-4,2026-01-31,2026,75,0
104,12909,"Campos, Rafael",2026-4,2026-01-31,2026,75,0
104,17550,"van Rooyen, Erik",2026-4,2026-01-31,2026,75,0
104,32055,"Shipley, Neal",2026-4,2026-01-31,2026,75,0
104,14704,"Putnam, Andrew",2026-4,2026-01-31,2026,75,0
104,21943,"Lebioda, Hank",2026-4,2026-01-31,2026,75,0
104,30620,"Chatfield, Davis",2026-4,2026-01-31,2026,75,0
104,20706,"Wallace, Matt",2026-4,2026-01-31,2026,75,0
104,22465,"Penge, Marco",2026-4,2026-01-31,2026,75,0
104,11451,"Garnett, Brice",2026-4,2026-01-31,2026,75,0
104,8480,"Streelman, Kevin",2026-4,2026-01-31,2026,75,0
104,23950,"Aberg, Ludvig",2026-4,2026-01-31,2026,75,0
104,13508,"Vegas, Jhonattan",2026-4,2026-01-31,2026,75,0
5,22085,"Morikawa, Collin",2026-5,2026-02-14,2026,1,0
5,16841,"Lee, Min Woo",2026-5,2026-02-14,2026,2,0
5,17511,"Straka, Sepp",2026-5,2026-02-14,2026,2,0
5,12294,"Fleetwood, Tommy",2026-5,2026-02-14,2026,4,0
5,18417,"Scheffler, Scottie",2026-5,2026-02-14,2026,4,0
5,19483,"Burns, Sam",2026-5,2026-02-14,2026,6,0
5,26096,"Bhatia, Akshay",2026-5,2026-02-14,2026,6,0
5,19396,"Knapp, Jake",2026-5,2026-02-14,2026,8,0
5,13900,"Lowry, Shane",2026-5,2026-02-14,2026,8,0
5,22760,"Hisatsune, Ryo",2026-5,2026-02-14,2026,8,0
5,22833,"Echavarria, Nico",2026-5,2026-02-14,2026,8,0
5,13562,"Matsuyama, Hideki",2026-5,2026-02-14,2026,8,0
5,29433,"Bridgeman, Jacob",2026-5,2026-02-14,2026,8,0
5,15466,"Cantlay, Patrick",2026-5,2026-02-14,2026,14,0
5,10091,"McIlroy, Rory",2026-5,2026-02-14,2026,14,0
5,17646,"Fitzpatrick, Matt",2026-5,2026-02-14,2026,14,0
5,15575,"Hoge, Tom",2026-5,2026-02-14,2026,14,0
5,11676,"Finau, Tony",2026-5,2026-02-14,2026,18,0
5,12965,"Fowler, Rickie",2026-5,2026-02-14,2026,19,0
5,19895,"Schauffele, Xander",2026-5,2026-02-14,2026,19,0
5,18474,"Smalley, Alex",2026-5,2026-02-14,2026,19,0
5,8825,"Harman, Brian",2026-5,2026-02-14,2026,19,0
5,14578,"Henley, Russell",2026-5,2026-02-14,2026,19,0
5,9771,"Day, Jason",2026-5,2026-02-14,2026,24,0
5,11889,"Fox, Ryan",2026-5,2026-02-14,2026,24,0
5,13126,"Taylor, Nick",2026-5,2026-02-14,2026,24,0
5,27194,"Hall, Harry",2026-5,2026-02-14,2026,24,0
5,14577,"English, Harris",2026-5,2026-02-14,2026,24,0
5,14636,"Spieth, Jordan",2026-5,2026-02-14,2026,29,0
5,23505,"McGreevy, Max",2026-5,2026-02-14,2026,29,0
5,18634,"McNealy, Maverick",2026-5,2026-02-14,2026,29,0
5,10419,"Noren, Alex",2026-5,2026-02-14,2026,29,0
5,13872,"Bradley, Keegan",2026-5,2026-02-14,2026,29,0
5,23816,"Valimaki, Sami",2026-5,2026-02-14,2026,34,0
5,17780,"Pendrith, Taylor",2026-5,2026-02-14,2026,34,0
5,15556,"Hughes, Mackenzie",2026-5,2026-02-14,2026,34,0
5,21554,"Poston, J.T.",2026-5,2026-02-14,2026,37,0
5,23950,"Aberg, Ludvig",2026-5,2026-02-14,2026,37,0
5,27774,"Gotterup, Chris",2026-5,2026-02-14,2026,37,0
5,24968,"Griffin, Ben",2026-5,2026-02-14,2026,37,0
5,23323,"MacIntyre, Robert",2026-5,2026-02-14,2026,37,0
5,14502,"Cauley, Bud",2026-5,2026-02-14,2026,37,0
5,23465,"Greyserman, Max",2026-5,2026-02-14,2026,37,0
5,6093,"Rose, Justin",2026-5,2026-02-14,2026,37,0
5,14609,"Kim, Si Woo",2026-5,2026-02-14,2026,45,0
5,29767,"Gerard, Ryan",2026-5,2026-02-14,2026,45,0
5,17536,"Spaun, J.J.",2026-5,2026-02-14,2026,45,0
5,21891,"Kitayama, Kurt",2026-5,2026-02-14,2026,48,0
5,23475,"Novak, Andrew",2026-5,2026-02-14,2026,48,0
5,11276,"Horschel, Billy",2026-5,2026-02-14,2026,48,0
5,28309,"Coody, Pierceson",2026-5,2026-02-14,2026,48,0
5,12423,"Kirk, Chris",2026-5,2026-02-14,2026,52,0
5,16283,"Rodgers, Patrick",2026-5,2026-02-14,2026,52,0
5,17365,"Mitchell, Keith",2026-5,2026-02-14,2026,52,0
5,25569,"Stevens, Sam",2026-5,2026-02-14,2026,55,0
5,26651,"Young, Cameron",2026-5,2026-02-14,2026,55,0
5,19870,"McCarthy, Denny",2026-5,2026-02-14,2026,55,0
5,23604,"Clark, Wyndham",2026-5,2026-02-14,2026,58,0
5,18841,"Hovland, Viktor",2026-5,2026-02-14,2026,58,0
5,23014,"Theegala, Sahith",2026-5,2026-02-14,2026,60,0
5,24342,"Higgo, Garrick",2026-5,2026-02-14,2026,60,0
5,26657,"Fisk, Steven",2026-5,2026-02-14,2026,60,0
5,27900,"Potgieter, Aldrich",2026-5,2026-02-14,2026,60,0
5,12808,"Grillo, Emiliano",2026-5,2026-02-14,2026,64,0
5,7399,"Glover, Lucas",2026-5,2026-02-14,2026,64,0
5,22465,"Penge, Marco",2026-5,2026-02-14,2026,64,0
5,16394,"Jaeger, Stephan",2026-5,2026-02-14,2026,67,0
5,28635,"McCarty, Matt",2026-5,2026-02-14,2026,67,0
5,23504,"Hoey, Rico",2026-5,2026-02-14,2026,67,0
5,17881,"Yu, Kevin",2026-5,2026-02-14,2026,70,0
5,17576,"Conners, Corey",2026-5,2026-02-14,2026,70,0
5,17543,"Kim, Michael",2026-5,2026-02-14,2026,72,0
5,20722,"Schmid, Matti",2026-5,2026-02-14,2026,73,0
5,18554,"Rai, Aaron",2026-5,2026-02-14,2026,73,0
5,28469,"Highsmith, Joe",2026-5,2026-02-14,2026,75,0
5,17606,"Berger, Daniel",2026-5,2026-02-14,2026,75,0
5,19477,"Schenk, Adam",2026-5,2026-02-14,2026,77,0
5,13508,"Vegas, Jhonattan",2026-5,2026-02-14,2026,78,0
5,26649,"Thorbjornsen, Michael",2026-5,2026-02-14,2026,78,0
5,18628,"Campbell, Brian",2026-5,2026-02-14,2026,78,0
659,25036,"Holt, Ian",2026-84,2026-01-31,2026,1,0
659,13965,"Hadwin, Adam",2026-84,2026-01-31,2026,2,0
659,21880,"Cone, Trevor",2026-84,2026-01-31,2026,3,0
659,26953,"Gilligan, Ian",2026-84,2026-01-31,2026,4,0
659,18933,"Gandon, Jeremy",2026-84,2026-01-31,2026,4,0
659,19864,"Hammer, Cole",2026-84,2026-01-31,2026,4,0
659,15004,"Kim, Chan",2026-84,2026-01-31,2026,7,0
659,18187,"Duncan, Tyler",2026-84,2026-01-31,2026,7,0
659,16786,"Fernandez Valdes, Jorge",2026-84,2026-01-31,2026,7,0
659,25442,"Montgomery, Taylor",2026-84,2026-01-31,2026,7,0
659,11117,"Noh, S.Y.",2026-84,2026-01-31,2026,11,0
659,15120,"Johnson, Michael",2026-84,2026-01-31,2026,11,0
659,28542,"Hitt, Austin",2026-84,2026-01-31,2026,11,0
659,25363,"Buckley, Hayden",2026-84,2026-01-31,2026,11,0
659,28355,"Anderson, Samuel",2026-84,2026-01-31,2026,11,0
659,8199,"Levin, Spencer",2026-84,2026-01-31,2026,16,0
659,31192,"Steelman, Ross",2026-84,2026-01-31,2026,16,0
659,31955,"Van Paris, Jackson",2026-84,2026-01-31,2026,16,0
659,12424,"Summerhays, Daniel",2026-84,2026-01-31,2026,16,0
659,14698,"Bramlett, Joseph",2026-84,2026-01-31,2026,16,0
659,18571,"Macdonald, Stuart",2026-84,2026-01-31,2026,16,0
659,23540,"Andersen, Mason",2026-84,2026-01-31,2026,16,0
659,33949,"Bacha, Carson",2026-84,2026-01-31,2026,23,0
659,22461,"White, Brett",2026-84,2026-01-31,2026,23,0
659,31285,"Lewis, Bryce",2026-84,2026-01-31,2026,23,0
659,31272,"Sewell, Chad",2026-84,2026-01-31,2026,23,0
659,8571,"Gomez, Fabian",2026-84,2026-01-31,2026,23,0
659,9643,"Blaum, Ryan",2026-84,2026-01-31,2026,28,0
659,16395,"Kohles, Ben",2026-84,2026-01-31,2026,28,0
659,6931,"Byrd, Jonathan",2026-84,2026-01-31,2026,28,0
659,24481,"Redman, Doc",2026-84,2026-01-31,2026,28,0
659,31257,"Hitchner, Derek",2026-84,2026-01-31,2026,32,0
659,13497,"Lee, K.H.",2026-84,2026-01-31,2026,32,0
659,14050,"Sloan, Roger",2026-84,2026-01-31,2026,32,0
659,23599,"Westmoreland, Kyle",2026-84,2026-01-31,2026,32,0
659,32312,"Sherwood, Cole",2026-84,2026-01-31,2026,32,0
659,18059,"Suri, Julian",2026-84,2026-01-31,2026,37,0
659,19948,"Taylor, Ben",2026-84,2026-01-31,2026,37,0
659,27420,"Dickson, Taylor",2026-84,2026-01-31,2026,37,0
659,21234,"Thomas, Rayhan",2026-84,2026-01-31,2026,37,0
659,8002,"Oppenheim, Rob",2026-84,2026-01-31,2026,37,0
659,32473,"Botha, Barend",2026-84,2026-01-31,2026,37,0
659,29769,"Moldovan, Maxwell",2026-84,2026-01-31,2026,37,0
659,30856,"Eichhorn, Hunter",2026-84,2026-01-31,2026,37,0
659,14002,"Alexander, Tyson",2026-84,2026-01-31,2026,37,0
659,31212,"Chandler, Will",2026-84,2026-01-31,2026,37,0
659,31251,"Winstead, Trey",2026-84,2026-01-31,2026,37,0
659,17639,"Blair, Zac",2026-84,2026-01-31,2026,37,0
659,17212,"Garcia, Jorge",2026-84,2026-01-31,2026,49,0
659,27762,"Velo, Kevin",2026-84,2026-01-31,2026,49,0
659,13342,"Gibson, Rhein",2026-84,2026-01-31,2026,49,0
659,31392,"VanArragon, Caleb",2026-84,2026-01-31,2026,49,0
659,26013,"Nimmer, Bryson",2026-84,2026-01-31,2026,49,0
659,31161,"Burnett, Ryan",2026-84,2026-01-31,2026,49,0
659,31586,"Leach, Tyler",2026-84,2026-01-31,2026,49,0
659,19865,"Hardy, Nick",2026-84,2026-01-31,2026,49,0
659,21995,"Springer, Hayden",2026-84,2026-01-31,2026,49,0
659,18579,"Cook, Austin",2026-84,2026-01-31,2026,49,0
659,26143,"Creighton, Myles",2026-84,2026-01-31,2026,59,0
659,26190,"Ortiz, Alvaro",2026-84,2026-01-31,2026,59,0
659,28471,"Shore, Davis",2026-84,2026-01-31,2026,61,0
659,26126,"Meissner, Mitchell",2026-84,2026-01-31,2026,61,0
659,25081,"Humphrey, Theo",2026-84,2026-01-31,2026,63,0
659,22986,"Tuten, Shad",2026-84,2026-01-31,2026,63,0
659,23708,"Scott, Sandy",2026-84,2026-01-31,2026,63,0
659,29324,"Lamb, Davis",2026-84,2026-01-31,2026,66,0
659,26913,"Phillips, Trent",2026-84,2026-01-31,2026,66,0
659,9586,"Laird, Martin",2026-84,2026-01-31,2026,66,0
659,29970,"Menante, Dylan",2026-84,2026-01-31,2026,66,0
659,32152,"Brown, Blades",2026-84,2026-01-31,2026,66,0
659,24354,"Xiong, Norman",2026-84,2026-01-31,2026,66,0
659,10498,"Overton, Jeff",2026-84,2026-01-31,2026,72,0
659,26660,"Gordon, Will",2026-84,2026-01-31,2026,72,0
659,23502,"Thornberry, Braden",2026-84,2026-01-31,2026,72,0
659,30621,"Weiler, Joe",2026-84,2026-01-31,2026,75,0
659,8085,"Teater, Josh",2026-84,2026-01-31,2026,76,0
659,10873,"Skinns, David",2026-84,2026-01-31,2026,76,0
659,7961,"Reavie, Chez",2026-84,2026-01-31,2026,76,0
659,33914,"Goodman, Drew",2026-84,2026-01-31,2026,77,0
659,15499,"Bateman, Wil",2026-84,2026-01-31,2026,77,0
659,12232,"Ishikawa, Ryo",2026-84,2026-01-31,2026,77,0
659,17422,"Del Solar, Cristobal",2026-84,2026-01-31,2026,77,0
659,32446,"Wolcott, Hunter",2026-84,2026-01-31,2026,77,0
659,29347,"Dossey, Cooper",2026-84,2026-01-31,2026,77,0
659,32333,"Buchanan, Jackson",2026-84,2026-01-31,2026,77,0
659,14007,"Martin, Ben",2026-84,2026-01-31,2026,77,0
659,29318,"McAllister, Logan",2026-84,2026-01-31,2026,77,0
659,29800,"Hillier, Harry",2026-84,2026-01-31,2026,77,0
659,16433,"NeSmith, Matt",2026-84,2026-01-31,2026,77,0
659,33942,"Stewart, Dillon",2026-84,2026-01-31,2026,77,0
659,23542,"Champ, Cameron",2026-84,2026-01-31,2026,77,0
659,26617,"Anderson, Matthew",2026-84,2026-01-31,2026,77,0
659,27598,"Nicholas, James",2026-84,2026-01-31,2026,77,0
659,23231,"Maichon, Phichaksn",2026-84,2026-01-31,2026,77,0
659,14140,"Higgs, Harry",2026-84,2026-01-31,2026,77,0
659,25091,"Choi, Sam",2026-84,2026-01-31,2026,77,0
659,17276,"Sullivan, Ryan",2026-84,2026-01-31,2026,77,0
659,24223,"Sugiura, Yuta",2026-84,2026-01-31,2026,77,0
659,13831,"Knox, Russell",2026-84,2026-01-31,2026,77,0
659,25771,"Furr, Wilson",2026-84,2026-01-31,2026,77,0
659,28587,"Perkins, David",2026-84,2026-01-31,2026,77,0
659,16341,"Peterson, Paul",2026-84,2026-01-31,2026,77,0
659,30892,"Riedel, Matthew",2026-84,2026-01-31,2026,77,0
659,26656,"Feagles, Michael",2026-84,2026-01-31,2026,77,0
659,14776,"Cappelen, Sebastian",2026-84,2026-01-31,2026,77,0
659,19360,"Atkins, Matt",2026-84,2026-01-31,2026,77,0
659,29348,"Hale, Jr., Blaine",2026-84,2026-01-31,2026,77,0
659,24490,"Galletti, Nicolo",2026-84,2026-01-31,2026,77,0
659,16492,"Nesbitt, Drew",2026-84,2026-01-31,2026,77,0
659,25263,"Onishi, Kaito",2026-84,2026-01-31,2026,77,0
659,18635,"Shelton, Robby",2026-84,2026-01-31,2026,77,0
659,27600,"Kuest, Peter",2026-84,2026-01-31,2026,77,0
659,18869,"Lamb, Rick",2026-84,2026-01-31,2026,77,0
659,13367,"Merritt, Troy",2026-84,2026-01-31,2026,77,0
659,27820,"Pak, John",2026-84,2026-01-31,2026,77,0
659,27870,"Coody, Parker",2026-84,2026-01-31,2026,77,0
659,24962,"Docherty, Alistair",2026-84,2026-01-31,2026,77,0
659,25614,"Biondi, Fred",2026-84,2026-01-31,2026,77,0
659,29684,"Infanti, Nick",2026-84,2026-01-31,2026,77,0
659,19000,"Celia, Ricardo",2026-84,2026-01-31,2026,77,0
659,33160,"Marzilio, Vicente",2026-84,2026-01-31,2026,77,0
659,17381,"Silverman, Ben",2026-84,2026-01-31,2026,77,0
659,30767,"Gabrelcik, Nick",2026-84,2026-01-31,2026,77,0
659,16796,"Nunez, Augusto",2026-84,2026-01-31,2026,77,0
659,32462,"Butler, John Marshall",2026-84,2026-01-31,2026,77,0
659,19738,"Dougherty, Kevin",2026-84,2026-01-31,2026,77,0
659,25213,"Wu, Brandon",2026-84,2026-01-31,2026,77,0
659,10423,"Brehm, Ryan",2026-84,2026-01-31,2026,77,0
659,22904,"Limbhasut, KK",2026-84,2026-01-31,2026,77,0
659,28541,"Grider, Ryan",2026-84,2026-01-31,2026,77,0
659,24562,"Knowles, Philip",2026-84,2026-01-31,2026,77,0
659,29165,"Gonzalez, Lucca",2026-84,2026-01-31,2026,77,0
659,22050,"Suh, Justin",2026-84,2026-01-31,2026,77,0
659,31887,"Berry, Brandon",2026-84,2026-01-31,2026,77,0
659,34841,"Meisel, Marshall",2026-84,2026-01-31,2026,77,0
659,24837,"Goodwin, Noah",2026-84,2026-01-31,2026,77,0
659,22981,"Matthews, Brandon",2026-84,2026-01-31,2026,77,0
659,29163,"Card III, Jay",2026-84,2026-01-31,2026,77,0
659,34883,"Motta, Juan Pablo",2026-84,2026-01-31,2026,77,0
659,16566,"Barjon, Paul",2026-84,2026-01-31,2026,77,0
659,26746,"Summerhays, Preston",2026-84,2026-01-31,2026,77,0
659,33488,"Song, James",2026-84,2026-01-31,2026,77,0