,,,,,,,,,,,,,,,,,,,,,,,,,,,,,,,,,,,,,,,,,,,,
,,,,,,,,,,,,,,,,,,,,,,,,,,,,,,,,,,,,,,,,,,,,
,,,,,,,,,,,,,,,,,,,,,,,,,,,,,,,,,,,,,,,,,,,,
,,,,,,,,,,,,,,,,,,,,,,,,,,,,,,,,,,,,,,,,,,,,
,dg_id,player_name,100_150_fw_gir_rate,100_150_fw_good_shot_rate,100_150_fw_low_data_indicator,100_150_fw_poor_shot_avoid_rate,100_150_fw_proximity_per_shot,100_150_fw_sg_per_shot,100_150_fw_shot_count,150_200_fw_gir_rate,150_200_fw_good_shot_rate,150_200_fw_low_data_indicator,150_200_fw_poor_shot_avoid_rate,150_200_fw_proximity_per_shot,150_200_fw_sg_per_shot,150_200_fw_shot_count,50_100_fw_gir_rate,50_100_fw_good_shot_rate,50_100_fw_low_data_indicator,50_100_fw_poor_shot_avoid_rate,50_100_fw_proximity_per_shot,50_100_fw_sg_per_shot,50_100_fw_shot_count,over_150_rgh_gir_rate,over_150_rgh_good_shot_rate,over_150_rgh_low_data_indicator,over_150_rgh_poor_shot_avoid_rate,over_150_rgh_proximity_per_shot,over_150_rgh_sg_per_shot,over_150_rgh_shot_count,over_200_fw_gir_rate,over_200_fw_good_shot_rate,over_200_fw_low_data_indicator,over_200_fw_poor_shot_avoid_rate,over_200_fw_proximity_per_shot,over_200_fw_sg_per_shot,over_200_fw_shot_count,under_150_rgh_gir_rate,under_150_rgh_good_shot_rate,under_150_rgh_low_data_indicator,under_150_rgh_poor_shot_avoid_rate,under_150_rgh_proximity_per_shot,under_150_rgh_sg_per_shot,under_150_rgh_shot_count
,14796,"Hatton, Tyrrell",0.83,0.07,0.00,0.96,19.32,0.03,55.00,0.75,0.11,0.00,0.98,25.36,0.08,100.00,0.83,0.09,0.00,1.00,11.35,0.04,22.00,,,,,,,,0.49,0.04,0.00,0.95,44.73,0.02,56.00,0.43,0.00,0.00,0.94,37.98,-0.04,17
,18841,"Hovland, Viktor",0.84,0.10,0.00,0.95,18.87,0.06,243.00,0.72,0.08,0.00,0.97,25.83,0.08,351.00,0.88,0.12,0.00,0.97,16.03,0.03,85.00,0.39,0.06,0.00,0.98,64.53,0.03,122.00,0.52,0.07,0.00,0.97,38.24,0.06,200.00,0.63,0.05,0.00,0.94,36.13,0.02,94
,19428,"Zalatoris, Will",0.85,0.07,0.00,0.96,20.56,0.03,148.00,0.76,0.09,0.00,0.96,27.94,0.08,195.00,0.87,0.06,0.00,0.94,16.96,-0.03,52.00,0.38,0.07,0.00,0.97,58.27,0.04,73.00,0.43,0.07,0.00,0.94,47.64,0.01,105.00,0.64,0.06,0.00,0.95,36.21,0.00,73
,13900,"Lowry, Shane",0.82,0.06,0.00,0.94,19.64,0.03,280.00,0.73,0.08,0.00,0.97,26.96,0.07,376.00,0.85,0.15,0.00,0.96,15.13,0.04,93.00,0.40,0.08,0.00,0.97,54.41,0.05,130.00,0.53,0.07,0.00,0.97,43.61,0.05,205.00,0.61,0.06,0.00,0.97,35.33,0.03,88
,18417,"Scheffler, Scottie",0.87,0.09,0.00,0.97,18.33,0.07,326.00,0.76,0.06,0.00,0.97,26.57,0.07,445.00,0.85,0.12,0.00,0.96,14.34,0.10,101.00,0.40,0.07,0.00,1.00,54.28,0.10,120.00,0.50,0.08,0.00,0.97,39.18,0.07,257.00,0.59,0.06,0.00,0.94,37.37,0.04,135
,22736,"Rosenmueller, Thomas",0.80,0.07,0.00,0.94,22.57,-0.02,207.00,0.73,0.08,0.00,0.98,27.87,0.07,298.00,0.88,0.09,0.00,0.94,18.91,-0.01,92.00,0.37,0.05,0.00,0.95,59.64,0.01,84.00,0.47,0.05,0.00,0.96,44.20,0.01,154.00,0.53,0.03,0.00,0.94,40.66,-0.05,108
,11082,"Burgoon, Bronson",,,,,,,,0.64,0.10,1.00,0.96,26.81,0.07,49.00,0.78,0.00,0.00,0.90,20.04,-0.11,19.00,0.29,0.00,0.00,0.93,65.87,-0.07,28.00,0.47,0.10,1.00,0.97,41.63,-0.01,29.00,0.51,0.07,0.00,0.93,32.77,0.01,29
,23841,"Neergaard-Petersen, Rasmus",,,,,,,,0.75,0.04,0.00,0.99,28.53,0.06,76.00,0.81,0.07,0.00,0.87,18.13,-0.04,15.00,,,,,,,,0.60,0.03,1.00,1.00,39.32,0.06,38.00,0.58,0.11,0.00,0.94,37.76,0.05,18
,32319,"Koivun, Jackson",0.83,0.08,0.00,0.89,21.49,0.00,123.00,0.71,0.07,0.00,0.97,26.92,0.06,121.00,0.70,0.04,0.00,0.88,18.66,-0.14,24.00,0.36,0.00,0.00,0.97,75.96,-0.04,31.00,0.45,0.03,0.00,1.00,44.38,0.00,79.00,0.45,0.10,0.00,0.98,43.68,-0.03,41
,23504,"Hoey, Rico",0.80,0.07,0.00,0.94,23.13,0.00,302.00,0.72,0.08,0.00,0.96,28.32,0.06,415.00,0.83,0.05,0.00,0.94,18.82,-0.01,99.00,0.39,0.08,0.00,0.96,54.30,0.04,104.00,0.50,0.05,0.00,0.98,41.65,0.04,206.00,0.59,0.09,0.00,0.95,38.45,0.02,137
,24481,"Redman, Doc",0.84,0.09,1.00,0.94,22.96,0.02,47.00,0.76,0.06,1.00,0.95,30.23,0.06,63.00,0.89,0.23,1.00,1.00,12.52,0.21,13.00,,,,,,,,,,,,,,,0.63,0.05,0.00,0.95,42.27,-0.03,19
,17511,"Straka, Sepp",0.87,0.08,0.00,0.96,17.62,0.08,302.00,0.73,0.07,0.00,0.96,27.82,0.06,446.00,0.85,0.13,0.00,0.98,15.85,0.04,85.00,0.34,0.06,0.00,0.97,53.69,-0.01,131.00,0.56,0.04,0.00,0.97,41.87,0.05,241.00,0.44,0.07,0.00,0.95,41.53,-0.04,86
,22085,"Morikawa, Collin",0.83,0.09,0.00,0.95,18.43,0.05,319.00,0.73,0.08,0.00,0.97,27.85,0.06,379.00,0.89,0.07,0.00,0.95,15.65,0.04,99.00,0.32,0.04,0.00,0.98,57.46,0.02,93.00,0.48,0.06,0.00,0.96,42.91,0.04,240.00,0.65,0.03,0.00,0.96,33.20,0.05,78
,24304,"Vilips, Karl",0.78,0.05,0.00,0.93,23.79,-0.04,186.00,0.72,0.09,0.00,0.95,29.71,0.06,279.00,0.85,0.06,0.00,0.96,15.83,0.04,71.00,0.33,0.04,0.00,0.98,63.16,-0.01,104.00,0.45,0.05,0.00,0.96,47.93,-0.04,133.00,0.52,0.06,0.00,0.93,40.11,-0.02,128
,11276,"Horschel, Billy",0.81,0.06,0.00,0.97,21.69,0.00,151.00,0.69,0.08,0.00,0.96,29.25,0.06,246.00,0.84,0.12,0.00,0.97,15.11,0.04,61.00,0.27,0.03,0.00,0.98,59.76,-0.07,89.00,0.40,0.02,0.00,0.97,49.95,-0.02,106.00,0.68,0.09,0.00,0.91,35.58,0.06,66
,15466,"Cantlay, Patrick",0.88,0.06,0.00,0.94,19.18,0.05,287.00,0.75,0.09,0.00,0.98,28.43,0.06,336.00,0.90,0.13,0.00,0.94,16.31,0.01,103.00,0.40,0.05,0.00,0.99,62.52,0.07,129.00,0.40,0.03,0.00,0.94,43.73,-0.02,205.00,0.65,0.05,0.00,0.98,36.64,0.02,141
,14838,"Reed, Patrick",,,,,,,,0.68,0.10,0.00,0.96,22.37,0.06,71.00,0.84,0.19,0.00,0.94,14.65,0.04,16.00,0.26,0.05,1.00,0.96,63.03,-0.01,22.00,0.51,0.02,0.00,0.98,54.28,0.03,43.00,0.53,0.00,0.00,1.00,47.90,-0.09,16
,13562,"Matsuyama, Hideki",0.81,0.09,0.00,0.94,20.04,0.04,327.00,0.72,0.07,0.00,0.97,27.03,0.05,444.00,0.84,0.11,0.00,0.93,14.70,0.06,106.00,0.30,0.03,0.00,0.97,53.50,0.02,163.00,0.48,0.10,0.00,0.97,39.61,0.06,248.00,0.52,0.06,0.00,0.95,39.50,-0.04,142
,17576,"Conners, Corey",0.85,0.07,0.00,0.95,19.31,0.04,350.00,0.75,0.06,0.00,0.98,26.82,0.05,468.00,0.82,0.07,0.00,0.92,18.14,-0.02,105.00,0.33,0.05,0.00,0.99,63.33,0.01,108.00,0.51,0.06,0.00,0.97,45.26,0.03,280.00,0.57,0.03,0.00,0.96,39.36,-0.02,106
,31188,"Valdes, Brendan",0.74,0.06,0.00,0.96,23.84,-0.02,55.00,0.65,0.09,1.00,0.95,30.16,0.05,56.00,0.66,0.00,1.00,0.93,20.89,-0.09,14.00,0.15,0.00,1.00,0.90,77.75,-0.17,19.00,,,,,,,,0.47,0.00,0.00,0.82,43.70,-0.09,17
,12294,"Fleetwood, Tommy",0.85,0.07,0.00,0.96,19.25,0.04,292.00,0.70,0.08,0.00,0.96,28.73,0.05,421.00,0.91,0.09,0.00,1.00,14.90,0.07,86.00,0.38,0.06,0.00,0.98,69.04,0.00,124.00,0.47,0.05,0.00,0.97,43.40,0.02,230.00,0.60,0.06,0.00,0.94,38.66,-0.02,87
,23542,"Champ, Cameron",0.78,0.07,0.00,0.95,24.12,-0.03,153.00,0.73,0.06,0.00,0.95,28.20,0.05,172.00,0.81,0.02,0.00,0.93,22.80,-0.11,43.00,0.16,0.02,0.00,0.95,68.29,-0.08,41.00,0.47,0.03,0.00,0.94,44.27,-0.02,97.00,0.55,0.02,0.00,0.98,46.07,-0.06,61
,5768,"Hoffman, Charley",0.75,0.07,0.00,0.91,24.14,-0.02,140.00,0.65,0.07,0.00,0.96,28.52,0.05,179.00,0.86,0.05,0.00,0.95,17.93,-0.02,39.00,0.42,0.08,0.00,0.99,50.72,0.06,66.00,0.45,0.03,0.00,0.91,42.05,-0.02,93.00,0.59,0.06,0.00,0.96,36.24,-0.01,70
,14609,"Kim, Si Woo",0.78,0.10,0.00,0.93,22.20,0.02,316.00,0.69,0.09,0.00,0.96,27.83,0.05,498.00,0.83,0.06,0.00,0.92,16.83,-0.02,142.00,0.38,0.04,0.00,0.96,64.47,-0.01,134.00,0.47,0.08,0.00,0.96,41.06,0.05,279.00,0.49,0.07,0.00,0.92,37.91,-0.05,130
,17536,"Spaun, J.J.",0.81,0.09,0.00,0.94,20.00,0.05,362.00,0.73,0.07,0.00,0.95,28.65,0.05,481.00,0.90,0.10,0.00,0.94,15.61,0.05,94.00,0.42,0.10,0.00,0.97,64.67,0.07,148.00,0.51,0.05,0.00,0.96,42.62,0.05,251.00,0.61,0.03,0.00,0.96,34.27,0.03,139
,19895,"Schauffele, Xander",0.82,0.07,0.00,0.96,20.81,0.01,201.00,0.74,0.08,0.00,0.96,27.09,0.05,328.00,0.89,0.14,0.00,0.92,16.47,0.05,65.00,0.36,0.06,0.00,0.94,63.95,-0.01,107.00,0.54,0.06,0.00,0.96,39.16,0.05,167.00,0.61,0.06,0.00,0.95,35.87,0.04,114
,24200,"Smylie, Elvis",,,,,,,,0.80,0.06,1.00,0.94,30.94,0.05,54.00,,,,,,,,,,,,,,,0.50,0.05,1.00,0.95,40.75,0.06,38.00,0.78,0.13,0.00,0.93,37.82,0.12,15
,13872,"Bradley, Keegan",0.83,0.07,0.00,0.97,19.60,0.03,307.00,0.68,0.07,0.00,0.97,27.86,0.04,469.00,0.82,0.10,0.00,0.94,17.02,0.00,105.00,0.31,0.02,0.00,0.95,67.97,-0.03,130.00,0.48,0.05,0.00,0.96,44.66,0.02,241.00,0.60,0.07,0.00,0.92,35.56,0.01,137
,17606,"Berger, Daniel",0.77,0.06,0.00,0.94,20.91,0.01,268.00,0.72,0.08,0.00,0.96,28.54,0.04,460.00,0.92,0.14,0.00,0.97,14.38,0.07,85.00,0.39,0.08,0.00,0.97,60.76,0.01,117.00,0.50,0.06,0.00,0.97,43.02,0.03,228.00,0.56,0.06,0.00,0.98,37.05,-0.01,88
,12422,"Johnson, Dustin",,,,,,,,0.68,0.04,1.00,0.95,28.94,0.04,57.00,0.95,0.07,0.00,1.00,14.53,0.01,15.00,0.28,0.00,1.00,1.00,72.66,-0.04,24.00,0.58,0.10,1.00,1.00,44.26,0.09,29.00,0.65,0.00,1.00,0.91,51.79,0.02,11
,16395,"Kohles, Ben",0.84,0.06,0.00,0.96,21.06,0.02,267.00,0.74,0.05,0.00,0.96,29.70,0.04,372.00,0.91,0.08,0.00,0.97,16.45,0.02,96.00,0.31,0.08,0.00,0.98,58.14,0.05,89.00,0.50,0.05,0.00,0.99,41.15,0.06,192.00,0.49,0.08,0.00,0.95,43.05,-0.01,76
,7399,"Glover, Lucas",0.84,0.09,0.00,0.96,18.97,0.06,289.00,0.69,0.08,0.00,0.95,28.60,0.04,461.00,0.91,0.09,0.00,0.97,15.18,0.04,98.00,0.32,0.06,0.00,0.95,70.37,0.01,115.00,0.41,0.07,0.00,0.94,44.51,-0.02,207.00,0.59,0.08,0.00,0.99,35.29,0.08,83
,11657,"Norlander, Henrik",0.83,0.09,0.00,0.96,21.04,0.02,249.00,0.70,0.07,0.00,0.97,29.83,0.04,405.00,0.91,0.12,0.00,0.95,17.75,0.02,61.00,0.40,0.07,0.00,0.99,48.35,0.07,130.00,0.44,0.08,0.00,0.97,45.73,0.00,179.00,0.50,0.06,0.00,0.90,39.76,-0.04,96
,12577,"Woodland, Gary",0.77,0.06,0.00,0.92,23.40,-0.01,264.00,0.69,0.07,0.00,0.96,29.57,0.04,389.00,0.88,0.09,0.00,0.94,17.40,0.00,103.00,0.36,0.08,0.00,0.95,55.79,0.04,129.00,0.54,0.06,0.00,0.95,42.58,0.05,182.00,0.54,0.06,0.00,0.94,36.72,0.00,139
,18517,"Soderberg, Sebastian",,,,,,,,0.69,0.09,1.00,0.96,29.19,0.04,54.00,,,,,,,,,,,,,,,,,,,,,,,,,,,,
,18761,"Mullinax, Trey",0.74,0.07,0.00,0.92,23.98,-0.04,206.00,0.75,0.08,0.00,0.96,29.67,0.04,275.00,0.93,0.13,0.00,0.99,13.86,0.09,75.00,0.34,0.05,0.00,0.98,59.29,0.01,97.00,0.39,0.04,0.00,0.91,49.97,-0.07,141.00,0.56,0.05,0.00,0.89,39.61,-0.01,134
,22833,"Echavarria, Nico",0.77,0.06,0.00,0.91,22.50,-0.02,259.00,0.72,0.07,0.00,0.96,28.67,0.04,425.00,0.79,0.06,0.00,0.90,17.89,-0.08,99.00,0.38,0.06,0.00,0.95,57.35,0.03,122.00,0.43,0.04,0.00,0.94,45.53,-0.03,221.00,0.64,0.13,0.00,0.93,33.01,0.06,120
,23950,"Aberg, Ludvig",0.81,0.06,0.00,0.93,20.42,0.01,292.00,0.70,0.07,0.00,0.95,28.25,0.04,338.00,0.83,0.12,0.00,0.94,16.94,-0.01,92.00,0.29,0.06,0.00,0.93,70.91,-0.03,122.00,0.48,0.08,0.00,0.95,39.24,0.03,195.00,0.53,0.06,0.00,0.95,38.47,-0.03,114
,17780,"Pendrith, Taylor",0.82,0.05,0.00,0.95,22.56,0.00,351.00,0.73,0.06,0.00,0.95,29.98,0.04,392.00,0.85,0.11,0.00,0.95,18.39,-0.02,101.00,0.35,0.08,0.00,0.96,63.79,0.02,140.00,0.48,0.05,0.00,0.97,47.06,0.01,221.00,0.58,0.06,0.00,0.95,38.62,0.02,157
,22760,"Hisatsune, Ryo",0.84,0.05,0.00,0.94,22.51,-0.02,275.00,0.72,0.07,0.00,0.97,29.92,0.04,398.00,0.78,0.07,0.00,0.89,19.86,-0.08,91.00,0.35,0.05,0.00,0.95,58.39,0.00,150.00,0.44,0.07,0.00,0.97,45.67,-0.02,198.00,0.64,0.07,0.00,0.92,35.91,0.03,138
,26096,"Bhatia, Akshay",0.83,0.09,0.00,0.95,20.13,0.04,316.00,0.70,0.06,0.00,0.95,28.39,0.04,475.00,0.83,0.07,0.00,0.95,16.68,-0.01,138.00,0.36,0.08,0.00,0.95,63.46,0.01,145.00,0.51,0.09,0.00,0.96,41.24,0.06,260.00,0.57,0.06,0.00,0.95,38.14,0.00,173
,32152,"Brown, Blades",,,,,,,,0.74,0.06,0.00,0.95,31.52,0.04,87.00,0.88,0.22,0.00,0.94,18.41,0.04,18.00,0.35,0.00,0.00,0.96,73.54,-0.01,27.00,0.42,0.06,1.00,1.00,47.95,-0.03,36.00,0.67,0.08,0.00,0.92,41.69,-0.05,24
,18628,"Campbell, Brian",0.80,0.07,0.00,0.93,22.62,0.00,198.00,0.68,0.05,0.00,0.95,29.68,0.04,356.00,0.88,0.10,0.00,0.93,19.73,-0.01,95.00,0.40,0.07,0.00,0.95,57.70,0.02,105.00,0.42,0.06,0.00,0.98,47.23,0.00,208.00,0.57,0.04,0.00,0.99,36.15,-0.01,79
,32330,"Clanton, Luke",0.81,0.06,0.00,0.96,22.14,0.00,193.00,0.69,0.07,0.00,0.95,30.14,0.04,264.00,0.83,0.05,0.00,0.92,20.41,-0.05,60.00,0.41,0.05,0.00,0.97,55.41,0.06,96.00,0.45,0.04,0.00,0.94,46.06,-0.02,138.00,0.47,0.09,0.00,0.96,38.25,0.00,94
,24342,"Higgo, Garrick",0.78,0.05,0.00,0.93,24.13,-0.04,110.00,0.67,0.09,0.00,0.95,31.29,0.03,130.00,0.89,0.04,0.00,0.96,17.58,-0.03,47.00,0.36,0.06,0.00,0.92,66.37,-0.01,52.00,0.47,0.03,0.00,0.94,43.34,-0.02,77.00,0.48,0.05,0.00,0.93,40.19,-0.04,83
,27364,"Thompson, Davis",0.83,0.07,0.00,0.95,20.53,0.04,336.00,0.71,0.08,0.00,0.96,28.22,0.03,453.00,0.86,0.08,0.00,0.95,16.40,0.04,141.00,0.31,0.03,0.00,0.95,64.89,-0.06,137.00,0.43,0.04,0.00,0.95,47.23,-0.03,239.00,0.51,0.04,0.00,0.90,39.90,-0.08,155
,6093,"Rose, Justin",0.82,0.09,0.00,0.93,18.99,0.03,208.00,0.70,0.07,0.00,0.97,28.47,0.03,347.00,0.89,0.07,0.00,0.97,15.41,0.07,69.00,0.45,0.04,0.00,0.95,53.06,0.04,110.00,0.45,0.07,0.00,0.97,50.59,0.02,182.00,0.58,0.08,0.00,0.96,39.24,-0.01,83
,16283,"Rodgers, Patrick",0.75,0.07,0.00,0.92,22.80,-0.02,298.00,0.68,0.07,0.00,0.96,29.65,0.03,443.00,0.80,0.08,0.00,0.90,18.66,-0.05,103.00,0.36,0.08,0.00,0.96,57.60,0.02,155.00,0.40,0.05,0.00,0.94,46.84,-0.03,223.00,0.57,0.06,0.00,0.92,37.75,-0.01,179
,22535,"Norrman, Vincent",0.88,0.04,0.00,0.96,22.37,0.04,77.00,0.71,0.04,0.00,0.96,32.08,0.03,116.00,0.93,0.12,0.00,1.00,16.16,0.10,26.00,0.38,0.03,0.00,1.00,55.21,0.04,37.00,0.50,0.02,0.00,0.98,44.63,-0.02,48.00,0.68,0.00,0.00,0.90,44.24,-0.03,31
,23602,"Hojgaard, Nicolai",0.76,0.07,0.00,0.93,21.78,-0.03,148.00,0.73,0.08,0.00,0.97,30.38,0.03,264.00,0.88,0.10,0.00,0.98,15.28,0.07,50.00,0.35,0.09,0.00,0.94,56.33,0.01,106.00,0.55,0.04,0.00,0.98,39.78,0.06,130.00,0.64,0.04,0.00,0.90,37.43,0.02,81
,10873,"Skinns, David",0.83,0.08,0.00,0.94,22.21,0.00,225.00,0.69,0.06,0.00,0.95,30.39,0.03,302.00,0.85,0.06,0.00,0.93,14.96,0.01,73.00,0.34,0.06,0.00,0.94,59.51,0.00,127.00,0.46,0.04,0.00,0.96,49.38,-0.03,160.00,0.65,0.07,0.00,0.97,32.39,0.07,120
,14704,"Putnam, Andrew",0.80,0.07,0.00,0.93,21.68,0.00,223.00,0.74,0.05,0.00,0.96,31.36,0.03,376.00,0.88,0.05,0.00,0.95,19.52,-0.04,83.00,0.39,0.05,0.00,0.95,57.81,0.03,107.00,0.46,0.04,0.00,0.98,45.72,0.02,186.00,0.57,0.02,0.00,0.94,37.00,-0.02,66
,18554,"Rai, Aaron",0.87,0.07,0.00,0.95,20.00,0.04,282.00,0.74,0.05,0.00,0.96,29.26,0.03,461.00,0.86,0.14,0.00,0.95,15.28,0.03,78.00,0.36,0.09,0.00,0.97,55.16,0.06,85.00,0.52,0.05,0.00,0.97,44.09,0.04,250.00,0.60,0.03,0.00,0.93,41.96,-0.04,69
,20722,"Schmid, Matti",0.73,0.05,0.00,0.91,24.81,-0.04,224.00,0.73,0.06,0.00,0.94,29.91,0.03,361.00,0.82,0.04,0.00,0.92,18.59,-0.06,76.00,0.37,0.07,0.00,0.98,54.98,0.02,118.00,0.56,0.07,0.00,0.96,42.44,0.04,158.00,0.57,0.05,0.00,0.96,38.30,0.00,140
,21756,"Cole, Eric",0.80,0.07,0.00,0.94,20.03,0.04,320.00,0.66,0.07,0.00,0.95,29.54,0.03,490.00,0.82,0.11,0.00,0.93,15.83,0.06,112.00,0.30,0.04,0.00,0.97,65.08,-0.03,175.00,0.45,0.05,0.00,0.94,46.43,-0.02,238.00,0.53,0.08,0.00,0.94,35.04,0.02,214
,13126,"Taylor, Nick",0.85,0.06,0.00,0.95,21.66,0.02,312.00,0.71,0.06,0.00,0.96,29.51,0.03,426.00,0.83,0.14,0.00,0.90,17.66,0.03,78.00,0.33,0.08,0.00,0.98,62.89,0.02,133.00,0.52,0.06,0.00,0.95,45.36,0.04,267.00,0.54,0.04,0.00,0.94,33.77,-0.02,99
,14502,"Cauley, Bud",0.82,0.09,0.00,0.96,20.07,0.03,264.00,0.72,0.06,0.00,0.94,30.70,0.03,380.00,0.90,0.15,0.00,0.95,15.75,0.08,79.00,0.37,0.05,0.00,0.96,61.74,0.01,129.00,0.43,0.05,0.00,0.96,45.99,-0.02,180.00,0.54,0.08,0.00,0.89,35.28,-0.01,103
,7955,"Watney, Nick",,,,,,,,0.70,0.06,1.00,0.96,29.93,0.03,49.00,0.87,0.00,0.00,0.94,14.42,0.02,17.00,0.33,0.03,0.00,0.97,61.79,-0.04,33.00,0.40,0.04,1.00,1.00,50.35,-0.02,28.00,0.52,0.04,0.00,0.93,40.04,-0.04,27
,11676,"Finau, Tony",0.83,0.07,0.00,0.95,20.61,0.02,272.00,0.69,0.07,0.00,0.95,29.94,0.03,357.00,0.80,0.09,0.00,0.88,19.17,-0.04,67.00,0.39,0.09,0.00,0.94,52.18,0.03,142.00,0.46,0.08,0.00,0.93,43.81,0.00,203.00,0.56,0.02,0.00,0.94,39.73,-0.05,103
,14577,"English, Harris",0.76,0.07,0.00,0.91,22.89,-0.02,338.00,0.73,0.05,0.00,0.95,29.69,0.03,521.00,0.86,0.07,0.00,0.98,15.03,0.04,86.00,0.39,0.04,0.00,0.98,60.19,0.02,144.00,0.47,0.04,0.00,0.96,46.28,-0.01,251.00,0.58,0.04,0.00,0.96,37.82,-0.01,112
,13997,"Svensson, Adam",0.83,0.06,0.00,0.94,21.16,0.01,214.00,0.70,0.05,0.00,0.96,30.04,0.02,358.00,0.81,0.04,0.00,0.90,19.19,-0.05,82.00,0.34,0.05,0.00,0.98,62.14,-0.03,125.00,0.50,0.06,0.00,0.96,44.43,0.02,169.00,0.54,0.05,0.00,0.91,40.15,-0.03,103
,19870,"McCarthy, Denny",0.85,0.05,0.00,0.97,20.99,-0.01,325.00,0.72,0.05,0.00,0.95,30.88,0.02,503.00,0.89,0.08,0.00,0.96,17.29,0.00,107.00,0.35,0.06,0.00,0.94,61.72,0.01,177.00,0.48,0.06,0.00,0.97,46.15,0.03,251.00,0.58,0.08,0.00,0.95,32.64,0.04,103
,18634,"McNealy, Maverick",0.83,0.07,0.00,0.94,20.47,0.03,356.00,0.70,0.07,0.00,0.96,30.35,0.02,486.00,0.85,0.07,0.00,0.92,17.01,-0.01,110.00,0.38,0.06,0.00,0.98,60.53,0.03,182.00,0.49,0.05,0.00,0.97,47.05,0.01,262.00,0.61,0.05,0.00,0.96,38.88,0.03,154
,7961,"Reavie, Chez",0.79,0.07,0.00,0.90,22.84,-0.01,73.00,0.67,0.08,0.00,0.95,30.29,0.02,104.00,0.89,0.13,0.00,0.97,15.15,0.02,30.00,0.20,0.03,0.00,0.90,74.37,-0.14,30.00,0.41,0.04,0.00,0.96,48.97,-0.08,50.00,0.44,0.16,0.00,0.92,33.58,0.02,37
,13764,"Parry, John",,,,,,,,0.74,0.06,1.00,0.89,31.78,0.02,65.00,,,,,,,,,,,,,,,0.39,0.06,1.00,0.97,44.97,-0.01,36.00,,,,,,,
,18770,"Rozner, Antoine",0.80,0.08,0.00,0.95,21.82,0.01,225.00,0.71,0.05,0.00,0.96,29.69,0.02,332.00,0.88,0.12,0.00,0.98,17.53,0.03,61.00,0.30,0.04,0.00,0.98,62.47,-0.01,122.00,0.52,0.07,0.00,0.97,40.65,0.08,164.00,0.57,0.06,0.00,0.95,38.28,-0.01,102
,10419,"Noren, Alex",0.76,0.07,0.00,0.93,21.84,-0.01,128.00,0.71,0.06,0.00,0.95,29.68,0.02,197.00,0.80,0.06,0.00,0.96,20.51,-0.09,50.00,0.39,0.08,0.00,0.99,57.01,0.08,65.00,0.43,0.06,0.00,0.98,42.74,0.02,118.00,0.54,0.08,0.00,0.90,40.84,-0.01,40
,15004,"Kim, Chan",0.81,0.05,0.00,0.94,23.00,0.00,234.00,0.70,0.05,0.00,0.95,30.83,0.02,329.00,0.85,0.10,0.00,0.97,15.39,0.05,68.00,0.40,0.04,0.00,0.97,57.54,0.03,126.00,0.47,0.04,0.00,0.94,48.69,0.00,158.00,0.53,0.07,0.00,0.95,37.43,0.00,127
,20730,"Perez, Victor",0.84,0.07,0.00,0.96,22.13,0.02,245.00,0.70,0.04,0.00,0.96,30.71,0.02,417.00,0.89,0.09,0.00,0.93,19.30,-0.03,71.00,0.46,0.03,0.00,0.96,55.72,0.04,118.00,0.48,0.05,0.00,0.97,44.92,0.01,221.00,0.61,0.09,0.00,0.96,35.01,0.09,129
,26653,"Eckroat, Austin",0.81,0.07,0.00,0.94,22.47,0.01,295.00,0.71,0.05,0.00,0.95,30.61,0.02,384.00,0.85,0.09,0.00,0.93,19.81,-0.02,110.00,0.32,0.05,0.00,0.94,66.69,-0.03,117.00,0.52,0.05,0.00,0.97,40.91,0.05,216.00,0.61,0.05,0.00,0.96,34.37,0.04,137
,32457,"Keefer, Johnny",,,,,,,,0.66,0.06,1.00,0.96,27.72,0.02,55.00,,,,,,,,,,,,,,,0.44,0.05,0.00,0.90,40.65,-0.03,41.00,0.47,0.09,0.00,0.96,29.62,0.08,23
,7655,"Molinari, Francesco",0.83,0.08,0.00,0.93,21.08,0.03,126.00,0.69,0.05,0.00,0.97,31.24,0.02,222.00,0.85,0.03,0.00,0.94,19.70,-0.03,35.00,0.41,0.07,0.00,0.95,55.83,0.02,57.00,0.39,0.04,0.00,0.96,52.34,-0.04,94.00,0.60,0.02,0.00,0.95,39.03,-0.03,43
,14578,"Henley, Russell",0.83,0.07,0.00,0.96,19.68,0.04,306.00,0.74,0.05,0.00,0.95,29.45,0.02,412.00,0.84,0.12,0.00,0.95,12.78,0.10,98.00,0.36,0.04,0.00,0.99,58.79,0.04,98.00,0.52,0.07,0.00,0.97,40.21,0.07,233.00,0.59,0.13,0.00,0.96,35.08,0.08,84
,14698,"Bramlett, Joseph",0.77,0.10,0.00,0.94,20.52,0.03,124.00,0.73,0.07,0.00,0.94,31.36,0.02,166.00,0.79,0.10,0.00,0.95,17.92,-0.04,42.00,0.30,0.02,0.00,0.92,66.66,-0.06,63.00,0.53,0.06,0.00,0.94,40.82,0.03,83.00,0.57,0.06,0.00,0.94,43.55,0.00,87
,16243,"Koepka, Brooks",,,,,,,,0.62,0.11,1.00,0.91,30.11,0.02,57.00,0.83,0.08,1.00,0.92,16.34,-0.06,13.00,0.24,0.04,1.00,0.96,80.07,-0.04,24.00,0.64,0.14,1.00,0.91,46.19,0.12,35.00,,,,,,,
,19195,"Rahm, Jon",0.89,0.04,1.00,0.91,20.16,0.03,45.00,0.72,0.08,0.00,0.98,28.80,0.02,92.00,0.81,0.06,0.00,0.94,19.08,-0.05,18.00,0.46,0.12,0.00,1.00,48.43,0.13,26.00,0.55,0.02,0.00,0.98,37.03,0.07,52.00,0.61,0.05,0.00,0.95,42.84,-0.01,20
,21554,"Poston, J.T.",0.81,0.06,0.00,0.95,21.64,0.00,328.00,0.73,0.05,0.00,0.96,30.36,0.02,498.00,0.83,0.06,0.00,0.93,18.60,-0.03,122.00,0.33,0.09,0.00,0.99,55.86,0.06,145.00,0.45,0.04,0.00,0.97,47.82,0.01,262.00,0.53,0.06,0.00,0.93,39.91,-0.02,123
,23323,"MacIntyre, Robert",0.80,0.05,0.00,0.94,22.44,-0.02,348.00,0.70,0.07,0.00,0.96,29.35,0.02,446.00,0.86,0.07,0.00,0.95,20.14,-0.05,97.00,0.39,0.09,0.00,0.97,55.57,0.06,157.00,0.49,0.05,0.00,0.97,39.38,0.04,262.00,0.66,0.07,0.00,0.95,35.14,0.06,146
,24550,"Ghim, Doug",0.81,0.07,0.00,0.95,20.99,0.02,295.00,0.69,0.06,0.00,0.97,30.75,0.02,397.00,0.89,0.10,0.00,0.96,15.08,0.07,112.00,0.40,0.05,0.00,0.97,55.66,0.03,118.00,0.46,0.07,0.00,0.94,43.31,0.01,189.00,0.65,0.06,0.00,0.95,38.95,0.01,127
,27183,"Salinda, Isaiah",0.81,0.05,0.00,0.95,22.80,-0.01,230.00,0.72,0.05,0.00,0.97,29.87,0.02,295.00,0.85,0.12,0.00,0.94,18.82,-0.01,77.00,0.25,0.05,0.00,0.94,65.05,-0.05,96.00,0.40,0.07,0.00,0.94,45.71,-0.04,174.00,0.51,0.05,0.00,0.91,38.35,-0.05,108
,28159,"Meissner, Mac",0.81,0.06,0.00,0.96,21.36,0.02,280.00,0.70,0.06,0.00,0.97,30.71,0.02,385.00,0.84,0.06,0.00,0.96,17.69,0.01,81.00,0.30,0.04,0.00,0.94,57.70,0.00,146.00,0.45,0.08,0.00,0.99,43.03,0.03,193.00,0.54,0.09,0.00,0.96,36.38,0.02,128
,12808,"Grillo, Emiliano",0.80,0.09,0.00,0.95,20.90,0.02,340.00,0.69,0.07,0.00,0.95,30.42,0.02,458.00,0.86,0.12,0.00,0.95,14.80,0.07,85.00,0.34,0.07,0.00,0.93,58.24,-0.03,106.00,0.51,0.06,0.00,0.97,40.96,0.05,220.00,0.56,0.07,0.00,0.97,37.58,0.02,117
,17881,"Yu, Kevin",0.84,0.07,0.00,0.95,21.92,0.01,296.00,0.70,0.05,0.00,0.96,29.58,0.02,418.00,0.85,0.09,0.00,0.95,16.90,0.01,106.00,0.34,0.05,0.00,0.95,58.45,-0.04,133.00,0.50,0.06,0.00,0.96,42.27,0.04,234.00,0.49,0.05,0.00,0.94,41.78,-0.06,144
,19190,"Hoshino, Rikuya",0.71,0.06,0.00,0.90,24.51,-0.07,96.00,0.67,0.05,0.00,0.95,29.67,0.02,186.00,0.84,0.12,0.00,0.95,16.50,0.04,41.00,0.32,0.07,0.00,0.92,65.88,-0.05,85.00,0.43,0.07,0.00,0.98,42.19,0.02,86.00,0.58,0.00,0.00,0.89,37.81,-0.03,47
,23816,"Valimaki, Sami",0.81,0.10,0.00,0.95,21.84,0.03,248.00,0.69,0.05,0.00,0.96,29.36,0.02,414.00,0.87,0.15,0.00,0.93,17.95,0.00,67.00,0.40,0.04,0.00,0.97,60.05,0.03,134.00,0.51,0.05,0.00,0.98,42.65,0.05,188.00,0.65,0.09,0.00,0.94,38.13,0.03,106
,5716,"Harrington, Padraig",0.69,0.02,1.00,0.90,27.92,-0.10,41.00,0.66,0.05,0.00,0.98,31.11,0.02,80.00,,,,,,,,0.40,0.03,0.00,1.00,50.60,0.05,30.00,0.38,0.05,0.00,0.97,43.52,-0.02,39.00,0.59,0.12,0.00,0.88,39.46,0.04,25
,18079,"Niemann, Joaquin",0.82,0.07,1.00,0.95,20.60,-0.02,41.00,0.79,0.03,1.00,0.99,27.09,0.02,66.00,,,,,,,,0.44,0.09,1.00,1.00,58.12,0.08,22.00,0.47,0.12,0.00,1.00,32.82,0.14,42.00,0.69,0.13,0.00,0.94,23.96,0.12,16
,18103,"Bezuidenhout, Christiaan",0.85,0.06,0.00,0.95,22.06,0.01,312.00,0.69,0.06,0.00,0.96,31.37,0.02,508.00,0.85,0.13,0.00,0.97,14.72,0.05,113.00,0.36,0.05,0.00,0.97,67.54,0.00,121.00,0.44,0.04,0.00,0.97,47.63,0.00,253.00,0.47,0.04,0.00,0.98,39.61,-0.06,108
,27820,"Pak, John",0.82,0.07,0.00,0.93,21.76,0.02,223.00,0.67,0.06,0.00,0.95,30.18,0.02,307.00,0.86,0.07,0.00,0.95,16.90,0.02,76.00,0.28,0.05,0.00,0.99,56.52,0.02,93.00,0.49,0.06,0.00,0.95,44.78,0.01,160.00,0.48,0.10,0.00,0.88,40.26,-0.06,89
,11460,"Manassero, Matteo",0.84,0.09,0.00,0.97,19.25,0.07,130.00,0.67,0.05,0.00,0.96,31.25,0.02,236.00,0.93,0.09,0.00,1.00,16.82,0.05,47.00,0.24,0.02,0.00,0.96,69.63,-0.09,89.00,0.41,0.05,0.00,0.94,50.00,-0.03,131.00,0.64,0.06,0.00,0.94,31.83,0.03,54
,25157,"Hodges, Lee",0.83,0.05,0.00,0.96,21.44,0.02,248.00,0.68,0.06,0.00,0.96,30.63,0.02,332.00,0.87,0.14,0.00,0.99,16.81,0.05,65.00,0.39,0.05,0.00,0.98,49.27,0.03,97.00,0.50,0.09,0.00,0.97,42.67,0.06,173.00,0.53,0.09,0.00,0.95,36.91,0.02,112
,28270,"Dunlap, Nick",0.76,0.06,0.00,0.91,22.19,-0.03,245.00,0.69,0.07,0.00,0.95,29.74,0.02,316.00,0.85,0.07,0.00,0.93,17.40,-0.03,87.00,0.43,0.09,0.00,0.98,53.82,0.06,165.00,0.50,0.04,0.00,0.94,43.23,0.02,167.00,0.56,0.10,0.00,0.94,40.87,0.00,153
,21891,"Kitayama, Kurt",0.80,0.09,0.00,0.93,21.00,0.03,256.00,0.68,0.04,0.00,0.95,30.34,0.01,340.00,0.83,0.09,0.00,0.94,16.41,0.05,90.00,0.31,0.04,0.00,0.97,62.30,0.00,114.00,0.47,0.07,0.00,0.97,38.53,0.05,169.00,0.55,0.08,0.00,0.95,38.77,0.01,151
,15980,"Lipsky, David",0.79,0.08,0.00,0.93,20.77,0.03,251.00,0.66,0.05,0.00,0.95,30.75,0.01,325.00,0.81,0.09,0.00,0.95,18.36,0.00,64.00,0.30,0.04,0.00,0.95,63.26,-0.07,100.00,0.49,0.06,0.00,0.97,43.44,0.05,166.00,0.47,0.05,0.00,0.94,40.38,-0.01,92
,17786,"Davis, Cam",0.82,0.08,0.00,0.94,22.08,0.01,194.00,0.68,0.07,0.00,0.93,29.33,0.01,314.00,0.83,0.10,0.00,0.96,15.78,0.04,91.00,0.26,0.03,0.00,0.95,69.29,-0.08,138.00,0.49,0.06,0.00,0.92,43.33,-0.02,170.00,0.47,0.08,0.00,0.95,37.54,-0.01,127
,23604,"Clark, Wyndham",0.77,0.10,0.00,0.92,21.63,0.01,301.00,0.70,0.05,0.00,0.95,29.48,0.01,373.00,0.81,0.09,0.00,0.94,16.77,0.01,127.00,0.30,0.05,0.00,0.94,69.64,-0.05,138.00,0.50,0.05,0.00,0.94,46.02,0.01,212.00,0.61,0.07,0.00,0.94,35.53,0.03,155
,28473,"Ballester, Jose Luis",,,,,,,,0.65,0.04,1.00,0.92,33.34,0.01,52.00,0.85,0.00,1.00,0.92,29.19,-0.12,13.00,0.34,0.09,1.00,1.00,43.26,0.07,23.00,0.42,0.03,1.00,0.94,46.14,0.00,31.00,0.52,0.07,1.00,0.93,40.42,-0.04,14
,28635,"McCarty, Matt",0.77,0.06,0.00,0.93,23.45,-0.03,297.00,0.65,0.07,0.00,0.95,29.24,0.01,404.00,0.83,0.08,0.00,0.95,16.38,0.03,113.00,0.41,0.05,0.00,0.94,63.53,0.02,127.00,0.44,0.03,0.00,0.94,45.88,-0.03,240.00,0.61,0.10,0.00,0.93,35.30,0.05,118
,16715,"Ryder, Sam",0.77,0.08,0.00,0.93,22.80,-0.01,286.00,0.68,0.05,0.00,0.95,29.36,0.01,422.00,0.81,0.07,0.00,0.93,18.90,-0.05,87.00,0.42,0.07,0.00,0.96,54.96,0.03,140.00,0.46,0.06,0.00,0.96,43.35,0.00,195.00,0.57,0.04,0.00,0.95,40.30,-0.02,136
,24968,"Griffin, Ben",0.82,0.06,0.00,0.92,23.62,-0.01,348.00,0.71,0.05,0.00,0.96,30.76,0.01,485.00,0.85,0.12,0.00,0.95,15.63,0.06,106.00,0.38,0.06,0.00,0.97,56.14,0.06,196.00,0.54,0.06,0.00,0.97,42.92,0.06,284.00,0.59,0.09,0.00,0.92,38.68,0.02,184
,29767,"Gerard, Ryan",0.79,0.08,0.00,0.95,22.01,0.01,313.00,0.67,0.05,0.00,0.97,30.74,0.01,482.00,0.82,0.08,0.00,0.97,17.16,0.01,98.00,0.39,0.09,0.00,0.96,62.36,0.02,149.00,0.45,0.08,0.00,1.00,38.63,0.06,251.00,0.56,0.10,0.00,0.96,35.92,0.04,137
,16394,"Jaeger, Stephan",0.76,0.09,0.00,0.91,20.40,-0.01,306.00,0.70,0.06,0.00,0.95,29.97,0.01,418.00,0.88,0.20,0.00,0.96,14.26,0.11,92.00,0.39,0.08,0.00,0.97,60.58,0.05,188.00,0.46,0.05,0.00,0.94,43.90,0.00,223.00,0.52,0.09,0.00,0.92,39.08,0.01,176
,23465,"Greyserman, Max",0.80,0.07,0.00,0.94,22.19,-0.01,293.00,0.69,0.07,0.00,0.94,32.10,0.01,403.00,0.87,0.04,0.00,0.93,18.19,-0.02,126.00,0.31,0.04,0.00,0.96,66.87,-0.02,154.00,0.48,0.04,0.00,0.96,46.24,0.00,222.00,0.53,0.06,0.00,0.95,38.40,-0.01,175
,19483,"Burns, Sam",0.80,0.08,0.00,0.93,20.19,0.02,396.00,0.68,0.07,0.00,0.94,30.36,0.01,510.00,0.83,0.08,0.00,0.94,17.25,0.00,142.00,0.36,0.07,0.00,0.95,64.31,0.01,143.00,0.43,0.07,0.00,0.92,48.58,-0.04,279.00,0.56,0.04,0.00,0.95,38.53,0.00,139
,19840,"Ramey, Chad",0.75,0.06,0.00,0.90,23.51,-0.03,256.00,0.65,0.08,0.00,0.94,33.03,0.01,339.00,0.87,0.06,0.00,0.96,15.78,0.05,99.00,0.33,0.08,0.00,0.92,64.24,-0.04,133.00,0.49,0.05,0.00,0.93,46.56,-0.03,172.00,0.57,0.09,0.00,0.93,38.51,0.02,103
,25363,"Buckley, Hayden",0.74,0.06,0.00,0.91,24.45,-0.06,172.00,0.66,0.05,0.00,0.95,29.41,0.01,223.00,0.77,0.06,0.00,0.85,20.77,-0.04,47.00,0.27,0.07,0.00,0.95,69.10,-0.01,55.00,0.37,0.02,0.00,0.94,50.61,-0.06,99.00,0.57,0.06,0.00,0.94,37.80,0.00,84
,10091,"McIlroy, Rory",0.82,0.08,0.00,0.96,19.06,0.05,197.00,0.67,0.05,0.00,0.96,29.36,0.01,269.00,0.83,0.03,0.00,0.91,16.31,-0.07,78.00,0.40,0.10,0.00,0.99,61.22,0.07,114.00,0.53,0.09,0.00,0.98,39.82,0.08,159.00,0.60,0.10,0.00,0.92,39.18,0.01,145
,13508,"Vegas, Jhonattan",0.82,0.06,0.00,0.93,23.33,-0.01,223.00,0.68,0.08,0.00,0.95,31.15,0.01,361.00,0.85,0.07,0.00,0.95,18.30,-0.03,81.00,0.39,0.07,0.00,0.95,65.31,0.03,153.00,0.51,0.07,0.00,0.95,42.60,0.03,190.00,0.60,0.06,0.00,0.94,36.30,0.04,128
,14509,"Dahmen, Joel",0.76,0.07,0.00,0.95,21.94,0.01,234.00,0.66,0.05,0.00,0.94,31.28,0.01,339.00,0.81,0.08,0.00,0.90,17.71,-0.02,73.00,0.31,0.03,0.00,0.97,64.08,0.02,77.00,0.55,0.03,0.00,0.95,42.97,0.00,172.00,0.54,0.05,0.00,0.98,35.61,0.01,99
,23475,"Novak, Andrew",0.79,0.07,0.00,0.92,21.34,0.00,313.00,0.67,0.05,0.00,0.95,30.13,0.01,473.00,0.86,0.07,0.00,0.94,15.82,0.03,120.00,0.32,0.05,0.00,0.96,65.23,0.01,187.00,0.42,0.05,0.00,0.94,43.16,-0.01,251.00,0.52,0.04,0.00,0.92,41.22,-0.05,143
,8825,"Harman, Brian",0.81,0.08,0.00,0.97,21.16,0.02,342.00,0.68,0.05,0.00,0.95,29.24,0.01,492.00,0.91,0.12,0.00,0.98,13.82,0.10,123.00,0.35,0.06,0.00,0.95,63.31,0.00,143.00,0.48,0.06,0.00,0.94,47.26,-0.02,279.00,0.58,0.04,0.00,0.94,37.49,0.00,141
,17032,"Tosti, Alejandro",0.70,0.07,0.00,0.94,22.66,-0.03,169.00,0.65,0.05,0.00,0.94,30.00,0.00,205.00,0.74,0.04,0.00,0.86,20.91,-0.11,50.00,0.33,0.04,0.00,0.96,60.51,-0.02,100.00,0.47,0.12,0.00,0.94,43.52,0.01,95.00,0.57,0.07,0.00,0.95,32.88,0.03,86
,24766,"Kim, Tom",0.82,0.08,0.00,0.96,20.01,0.03,270.00,0.65,0.07,0.00,0.92,30.67,0.00,436.00,0.87,0.11,0.00,0.93,16.94,0.04,104.00,0.36,0.06,0.00,0.94,65.50,-0.01,144.00,0.44,0.04,0.00,0.95,50.47,-0.02,235.00,0.52,0.09,0.00,0.93,36.37,0.02,164
,15651,"Ventura, Kris",0.82,0.05,0.00,0.96,22.60,-0.01,279.00,0.71,0.04,0.00,0.95,31.21,0.00,349.00,0.90,0.07,0.00,0.98,19.58,-0.03,99.00,0.38,0.02,0.00,0.96,56.40,-0.01,110.00,0.44,0.06,0.00,0.94,45.74,0.00,177.00,0.48,0.05,0.00,0.97,38.60,-0.02,139
,20706,"Wallace, Matt",0.78,0.09,0.00,0.94,22.55,0.01,185.00,0.68,0.05,0.00,0.95,32.41,0.00,325.00,0.84,0.12,0.00,1.00,15.42,0.07,60.00,0.40,0.03,0.00,0.98,53.02,0.02,108.00,0.39,0.01,0.00,0.96,49.22,-0.07,159.00,0.62,0.05,0.00,0.95,39.26,0.01,126
,26651,"Young, Cameron",0.78,0.09,0.00,0.92,20.56,0.03,328.00,0.67,0.06,0.00,0.94,29.75,0.00,435.00,0.82,0.07,0.00,0.93,17.74,-0.03,122.00,0.39,0.07,0.00,0.95,59.30,0.03,145.00,0.41,0.06,0.00,0.95,48.96,-0.05,251.00,0.59,0.06,0.00,0.92,38.09,0.00,209
,17543,"Kim, Michael",0.81,0.09,0.00,0.95,19.30,0.05,325.00,0.68,0.04,0.00,0.95,30.16,0.00,484.00,0.83,0.08,0.00,0.98,16.48,0.01,120.00,0.40,0.09,0.00,0.96,55.37,0.06,179.00,0.45,0.06,0.00,0.96,47.02,-0.01,258.00,0.58,0.07,0.00,0.96,36.25,0.02,133
,14139,"Thomas, Justin",0.82,0.10,0.00,0.94,19.15,0.06,285.00,0.69,0.06,0.00,0.95,31.21,0.00,379.00,0.89,0.07,0.00,0.92,15.59,0.06,96.00,0.42,0.08,0.00,0.97,48.39,0.07,142.00,0.47,0.07,0.00,0.92,47.41,-0.03,215.00,0.53,0.09,0.00,0.91,36.40,0.02,169
,16333,"Hubbard, Mark",0.75,0.08,0.00,0.93,22.29,-0.01,307.00,0.66,0.06,0.00,0.94,30.77,0.00,424.00,0.85,0.09,0.00,0.96,16.56,0.01,101.00,0.40,0.03,0.00,0.99,57.06,0.02,139.00,0.54,0.10,0.00,0.98,42.79,0.05,211.00,0.51,0.06,0.00,0.87,38.64,-0.04,152
,29279,"Suber, Jackson",0.80,0.07,0.00,0.94,22.64,0.01,213.00,0.69,0.05,0.00,0.96,30.87,0.00,298.00,0.82,0.12,0.00,0.97,16.82,0.03,92.00,0.35,0.05,0.00,0.93,56.99,-0.03,106.00,0.51,0.07,0.00,0.97,39.83,0.04,159.00,0.54,0.05,0.00,0.95,39.95,-0.02,152
,14181,"Detry, Thomas",0.83,0.09,0.00,0.95,20.56,0.03,332.00,0.70,0.06,0.00,0.95,31.97,0.00,416.00,0.81,0.06,0.00,0.90,18.90,-0.01,114.00,0.38,0.06,0.00,0.97,56.84,0.03,171.00,0.48,0.03,0.00,0.92,48.84,-0.04,232.00,0.48,0.06,0.00,0.92,42.09,-0.07,128
,25003,"Walker, Danny",0.78,0.07,0.00,0.94,23.34,-0.01,172.00,0.69,0.06,0.00,0.96,31.47,0.00,250.00,0.76,0.10,0.00,0.91,18.78,-0.04,68.00,0.26,0.05,0.00,0.95,64.10,-0.03,93.00,0.38,0.03,0.00,0.91,47.50,-0.08,124.00,0.67,0.09,0.00,0.95,33.96,0.08,130
,15330,"Griffin, Lanto",0.73,0.09,0.00,0.93,22.62,-0.04,199.00,0.68,0.05,0.00,0.96,31.29,0.00,329.00,0.86,0.04,0.00,0.94,21.07,-0.05,72.00,0.31,0.07,0.00,0.99,49.83,0.02,106.00,0.48,0.09,0.00,0.96,45.12,0.04,166.00,0.58,0.04,0.00,0.96,34.40,0.04,99
,27900,"Potgieter, Aldrich",0.80,0.08,0.00,0.94,21.57,0.02,169.00,0.68,0.05,0.00,0.95,32.01,0.00,234.00,0.80,0.08,0.00,0.92,19.12,-0.04,64.00,0.28,0.06,0.00,0.92,67.46,-0.07,73.00,0.46,0.07,0.00,0.94,46.21,0.00,114.00,0.56,0.03,0.00,0.92,38.96,-0.05,104
,11049,"Simpson, Webb",0.78,0.10,0.00,0.92,21.82,0.01,141.00,0.70,0.03,0.00,0.96,30.27,0.00,176.00,0.84,0.05,0.00,0.95,16.66,-0.01,42.00,0.32,0.05,0.00,0.98,69.84,0.00,62.00,0.48,0.05,0.00,0.99,37.05,0.05,76.00,0.56,0.05,0.00,0.93,38.99,-0.02,74
,11451,"Garnett, Brice",0.82,0.05,0.00,0.94,22.65,-0.01,264.00,0.69,0.06,0.00,0.95,32.07,0.00,354.00,0.79,0.06,0.00,0.93,19.44,-0.05,80.00,0.34,0.03,0.00,0.91,65.50,-0.06,92.00,0.42,0.03,0.00,0.94,48.16,-0.01,148.00,0.60,0.04,0.00,0.94,41.92,-0.02,96
,15575,"Hoge, Tom",0.75,0.10,0.00,0.95,18.84,0.04,319.00,0.65,0.07,0.00,0.94,28.16,0.00,439.00,0.82,0.10,0.00,0.94,16.06,0.01,107.00,0.37,0.07,0.00,0.97,56.05,0.06,187.00,0.45,0.05,0.00,0.96,44.03,0.02,233.00,0.62,0.08,0.00,0.94,34.96,0.03,147
,19477,"Schenk, Adam",0.76,0.11,0.00,0.93,21.09,0.02,228.00,0.64,0.05,0.00,0.94,30.22,0.00,312.00,0.81,0.07,0.00,0.90,19.14,-0.04,113.00,0.22,0.05,0.00,0.97,73.68,-0.07,114.00,0.50,0.06,0.00,0.95,44.40,0.00,165.00,0.55,0.06,0.00,0.92,36.58,-0.03,142
,19865,"Hardy, Nick",0.78,0.09,0.00,0.93,23.85,-0.02,152.00,0.70,0.05,0.00,0.93,32.04,0.00,241.00,0.89,0.08,0.00,0.95,17.93,0.00,63.00,0.38,0.05,0.00,0.98,57.11,0.03,85.00,0.46,0.03,0.00,0.94,45.92,-0.04,119.00,0.62,0.09,0.00,0.95,33.45,0.06,128
,27774,"Gotterup, Chris",0.82,0.07,0.00,0.94,23.21,-0.01,256.00,0.69,0.05,0.00,0.93,31.57,0.00,390.00,0.86,0.07,0.00,0.93,19.30,-0.03,106.00,0.39,0.08,0.00,0.94,57.93,0.04,154.00,0.45,0.07,0.00,0.93,48.19,-0.02,218.00,0.58,0.06,0.00,0.94,41.77,0.00,192
,28469,"Highsmith, Joe",0.74,0.08,0.00,0.91,22.49,-0.02,268.00,0.67,0.07,0.00,0.93,30.83,0.00,396.00,0.78,0.09,0.00,0.91,18.73,-0.04,79.00,0.31,0.08,0.00,0.94,56.07,0.01,122.00,0.42,0.06,0.00,0.96,44.57,-0.01,186.00,0.55,0.07,0.00,0.95,38.37,-0.03,145
,13367,"Merritt, Troy",0.79,0.09,0.00,0.96,19.69,0.04,68.00,0.59,0.03,0.00,0.95,30.11,0.00,92.00,0.72,0.00,0.00,0.82,19.88,-0.10,28.00,0.27,0.00,0.00,0.94,84.39,-0.12,33.00,0.57,0.07,0.00,0.91,50.93,0.01,45.00,0.53,0.09,0.00,0.94,34.17,-0.01,47
,13965,"Hadwin, Adam",0.77,0.07,0.00,0.92,22.63,-0.01,324.00,0.67,0.07,0.00,0.93,31.89,0.00,364.00,0.80,0.06,0.00,0.92,19.00,-0.03,115.00,0.36,0.05,0.00,0.96,56.28,0.02,132.00,0.46,0.08,0.00,0.94,48.44,-0.01,217.00,0.49,0.01,0.00,0.89,44.75,-0.10,137
,14967,"Hadley, Chesson",0.72,0.08,0.00,0.90,22.89,-0.05,88.00,0.66,0.04,0.00,0.93,30.98,0.00,121.00,0.82,0.07,0.00,0.89,16.56,-0.04,27.00,0.15,0.00,0.00,0.92,87.32,-0.18,26.00,0.44,0.08,0.00,0.90,43.76,-0.09,48.00,0.50,0.08,0.00,0.92,43.29,-0.04,36
,18586,"Smith, Jordan",,,,,,,,0.72,0.08,0.00,0.92,31.81,0.00,79.00,0.89,0.08,1.00,1.00,15.63,0.00,13.00,0.35,0.00,1.00,1.00,71.45,0.01,19.00,0.49,0.00,1.00,0.86,42.18,-0.03,35.00,0.60,0.12,0.00,0.94,32.39,0.15,17
,17550,"Van Rooyen, Erik",0.80,0.06,0.00,0.93,22.63,0.01,233.00,0.64,0.07,0.00,0.91,31.40,-0.01,308.00,0.85,0.13,0.00,0.97,18.86,-0.02,77.00,0.36,0.08,0.00,0.98,56.08,0.01,101.00,0.45,0.06,0.00,0.96,44.80,0.00,177.00,0.60,0.09,0.00,0.92,37.68,-0.01,129
,23482,"Sigg, Greyson",0.86,0.08,0.00,0.96,19.85,0.06,241.00,0.62,0.05,0.00,0.96,31.03,-0.01,359.00,0.96,0.03,0.00,1.00,16.22,0.01,61.00,0.32,0.02,0.00,0.94,57.85,-0.02,107.00,0.55,0.03,0.00,0.99,40.39,0.05,142.00,0.55,0.08,0.00,0.95,35.84,0.00,98
,25094,"Fishburn, Patrick",0.83,0.07,0.00,0.95,22.97,0.00,262.00,0.70,0.03,0.00,0.97,33.00,-0.01,350.00,0.92,0.04,0.00,0.96,18.16,-0.02,77.00,0.36,0.03,0.00,0.98,58.29,0.01,130.00,0.53,0.05,0.00,0.97,45.81,0.01,185.00,0.58,0.04,0.00,0.93,41.92,-0.04,136
,28309,"Coody, Pierceson",0.84,0.06,0.00,0.95,23.90,0.01,129.00,0.65,0.04,0.00,0.97,31.45,-0.01,172.00,0.90,0.04,0.00,0.93,17.83,0.04,45.00,0.25,0.00,0.00,0.93,69.68,-0.10,43.00,0.52,0.07,0.00,0.96,45.62,0.00,93.00,0.52,0.07,0.00,0.88,47.01,-0.07,73
,14926,"Malnati, Peter",0.75,0.05,0.00,0.90,22.70,-0.04,197.00,0.66,0.06,0.00,0.95,32.23,-0.01,277.00,0.80,0.07,0.00,0.93,18.89,-0.04,86.00,0.32,0.08,0.00,0.97,68.96,-0.02,153.00,0.32,0.05,0.00,0.89,55.03,-0.13,148.00,0.57,0.05,0.00,0.95,37.03,0.01,170
,6986,"Johnson, Zach",0.81,0.06,0.00,0.95,22.01,0.01,185.00,0.71,0.05,0.00,0.94,32.18,-0.01,274.00,0.88,0.13,0.00,0.97,14.51,0.05,78.00,0.38,0.06,0.00,0.97,57.13,0.00,72.00,0.47,0.04,0.00,0.96,46.98,0.01,120.00,0.54,0.09,0.00,0.94,40.06,0.00,46
,11889,"Fox, Ryan",0.84,0.07,0.00,0.96,19.60,0.04,268.00,0.64,0.05,0.00,0.95,29.89,-0.01,315.00,0.84,0.11,0.00,0.91,17.87,0.01,63.00,0.43,0.07,0.00,0.97,57.42,0.07,150.00,0.43,0.09,0.00,0.93,43.58,0.00,177.00,0.62,0.11,0.00,0.99,33.87,0.08,136
,17365,"Mitchell, Keith",0.81,0.08,0.00,0.94,21.94,0.03,214.00,0.68,0.06,0.00,0.95,32.01,-0.01,345.00,0.84,0.09,0.00,0.96,17.88,-0.02,115.00,0.36,0.03,0.00,0.97,56.00,0.00,103.00,0.50,0.07,0.00,0.97,42.61,0.04,169.00,0.58,0.04,0.00,0.95,37.64,0.00,190
,25002,"Wu, Dylan",0.85,0.08,0.00,0.94,21.53,0.04,122.00,0.68,0.05,0.00,0.95,33.06,-0.01,144.00,0.92,0.05,0.00,0.91,22.51,-0.04,21.00,0.40,0.04,0.00,0.98,57.07,0.03,57.00,0.36,0.03,0.00,0.97,48.25,-0.08,74.00,0.47,0.08,0.00,0.92,40.84,-0.06,49
,23014,"Theegala, Sahith",0.80,0.09,0.00,0.92,21.98,0.00,259.00,0.65,0.05,0.00,0.95,30.50,-0.01,331.00,0.82,0.07,0.00,0.95,17.05,0.01,56.00,0.36,0.07,0.00,0.95,57.39,0.00,150.00,0.42,0.06,0.00,0.95,44.99,0.01,160.00,0.56,0.03,0.00,0.97,33.69,0.00,112
,17723,"Lower, Justin",0.79,0.05,0.00,0.97,21.72,-0.01,283.00,0.66,0.07,0.00,0.94,30.53,-0.01,366.00,0.86,0.15,0.00,0.95,16.54,0.06,78.00,0.42,0.06,0.00,0.95,58.56,0.02,114.00,0.42,0.04,0.00,0.94,44.48,-0.04,169.00,0.56,0.08,0.00,0.94,38.48,0.00,102
,19841,"DeChambeau, Bryson",0.81,0.02,1.00,0.96,18.18,0.01,45.00,0.65,0.11,0.00,0.94,31.50,-0.01,79.00,1.00,0.00,0.00,1.00,16.76,-0.02,15.00,0.36,0.00,1.00,0.90,64.03,-0.04,20.00,0.43,0.06,0.00,0.94,44.98,-0.01,47.00,0.50,0.00,0.00,0.96,43.57,-0.02,23
,23656,"Young, Carson",0.79,0.08,0.00,0.92,22.79,0.00,259.00,0.70,0.05,0.00,0.94,30.73,-0.01,319.00,0.80,0.08,0.00,0.87,19.54,-0.05,78.00,0.30,0.05,0.00,0.97,63.22,0.00,96.00,0.45,0.04,0.00,0.97,45.07,0.00,171.00,0.66,0.07,0.00,0.99,35.45,0.07,90
,26657,"Fisk, Steven",0.84,0.06,0.00,0.96,23.33,-0.01,218.00,0.70,0.05,0.00,0.95,33.38,-0.01,335.00,0.91,0.08,0.00,0.96,16.06,0.06,95.00,0.39,0.06,0.00,0.99,49.58,0.08,108.00,0.44,0.05,0.00,0.94,44.48,-0.02,156.00,0.52,0.06,0.00,0.92,44.34,-0.04,145
,13412,"Olesen, Thorbjorn",0.82,0.10,0.00,0.93,23.19,0.00,261.00,0.70,0.04,0.00,0.94,32.48,-0.01,376.00,0.86,0.10,0.00,0.97,16.43,0.02,91.00,0.44,0.04,0.00,0.95,67.02,-0.02,121.00,0.46,0.07,0.00,0.96,44.37,0.02,180.00,0.62,0.06,0.00,0.97,36.34,0.01,105
,19208,"Endycott, Harrison",0.73,0.02,0.00,0.96,22.96,-0.05,94.00,0.66,0.08,0.00,0.89,30.19,-0.01,112.00,0.77,0.06,0.00,0.89,21.95,-0.13,36.00,0.45,0.03,0.00,0.94,61.22,0.04,36.00,0.45,0.07,0.00,0.95,45.30,0.01,60.00,0.50,0.05,0.00,0.88,47.01,-0.06,42
,25569,"Stevens, Sam",0.80,0.06,0.00,0.94,22.13,-0.01,384.00,0.70,0.04,0.00,0.94,31.53,-0.01,530.00,0.87,0.06,0.00,0.95,18.06,0.00,123.00,0.36,0.04,0.00,0.99,62.51,0.02,165.00,0.45,0.07,0.00,0.93,46.92,-0.03,278.00,0.51,0.07,0.00,0.93,38.00,-0.04,176
,26649,"Thorbjornsen, Michael",0.79,0.07,0.00,0.93,23.86,-0.03,244.00,0.66,0.06,0.00,0.95,31.24,-0.01,335.00,0.87,0.10,0.00,0.95,18.33,-0.02,87.00,0.39,0.08,0.00,0.94,56.05,0.01,105.00,0.52,0.07,0.00,0.96,40.73,0.04,184.00,0.64,0.08,0.00,0.92,39.26,0.02,116
,26660,"Gordon, Will",0.79,0.05,0.00,0.93,25.40,-0.04,202.00,0.68,0.04,0.00,0.92,31.04,-0.01,275.00,0.90,0.00,0.00,0.93,18.14,-0.01,45.00,0.40,0.07,0.00,0.97,55.47,0.01,96.00,0.51,0.06,0.00,0.95,40.74,0.03,127.00,0.56,0.06,0.00,0.95,41.39,-0.02,101
,27164,"Phillips, Chandler",0.81,0.09,0.00,0.95,21.69,0.01,248.00,0.63,0.06,0.00,0.94,31.80,-0.01,339.00,0.87,0.07,0.00,0.92,17.70,-0.01,77.00,0.32,0.03,0.00,0.89,67.45,-0.08,125.00,0.45,0.07,0.00,0.97,44.48,0.01,188.00,0.57,0.10,0.00,0.96,35.88,0.02,134
,29770,"Mouw, William",0.75,0.03,0.00,0.88,23.49,-0.07,195.00,0.67,0.05,0.00,0.95,31.85,-0.01,269.00,0.78,0.08,0.00,0.89,19.64,-0.03,63.00,0.36,0.04,0.00,0.95,67.05,-0.02,97.00,0.49,0.07,0.00,0.95,45.31,0.04,150.00,0.64,0.06,0.00,0.97,37.72,0.03,114
,16841,"Lee, Min Woo",0.75,0.08,0.00,0.92,22.57,-0.02,237.00,0.70,0.04,0.00,0.94,30.87,-0.01,305.00,0.93,0.04,0.00,0.99,14.94,0.04,99.00,0.29,0.03,0.00,0.93,69.89,-0.08,137.00,0.46,0.06,0.00,0.95,47.88,-0.01,157.00,0.53,0.04,0.00,0.93,40.91,-0.05,141
,18424,"Roy, Kevin",0.79,0.08,0.00,0.93,22.77,-0.01,266.00,0.68,0.04,0.00,0.95,32.06,-0.01,350.00,0.88,0.07,0.00,0.95,17.83,0.00,98.00,0.28,0.06,0.00,0.90,69.77,-0.10,102.00,0.50,0.07,0.00,0.96,42.10,0.05,176.00,0.60,0.07,0.00,0.93,37.33,0.03,126
,12423,"Kirk, Chris",0.82,0.10,0.00,0.97,18.65,0.09,274.00,0.66,0.05,0.00,0.94,30.61,-0.01,406.00,0.87,0.10,0.00,0.96,15.62,0.06,110.00,0.26,0.03,0.00,0.93,68.93,-0.07,133.00,0.51,0.07,0.00,0.96,44.06,0.03,205.00,0.62,0.07,0.00,0.97,33.77,0.05,143
,25908,"Whaley, Vince",0.76,0.06,0.00,0.92,23.30,-0.02,256.00,0.67,0.05,0.00,0.95,32.16,-0.01,369.00,0.88,0.07,0.00,0.96,17.38,0.05,99.00,0.36,0.03,0.00,0.93,67.08,-0.04,160.00,0.47,0.03,0.00,0.98,45.31,0.02,189.00,0.61,0.06,0.00,0.94,38.00,0.01,197
,31960,"Hastings, Justin",0.86,0.09,1.00,0.96,20.83,0.03,46.00,0.73,0.05,0.00,0.95,31.36,-0.01,100.00,0.90,0.15,0.00,0.95,15.52,0.08,20.00,0.40,0.08,1.00,0.96,59.76,0.02,24.00,0.41,0.02,0.00,0.90,52.46,-0.09,48.00,0.65,0.04,0.00,1.00,34.85,0.05,25
,14795,"Canter, Laurie",0.61,0.00,1.00,0.88,30.93,-0.18,51.00,0.68,0.06,0.00,0.93,31.49,-0.01,94.00,0.85,0.05,0.00,0.95,14.86,-0.03,20.00,0.60,0.14,1.00,1.00,55.50,0.12,22.00,0.48,0.02,0.00,0.96,46.34,0.02,51.00,0.64,0.05,0.00,1.00,35.29,0.02,20
,29433,"Bridgeman, Jacob",0.80,0.08,0.00,0.93,21.51,0.00,332.00,0.66,0.05,0.00,0.94,31.63,-0.01,471.00,0.93,0.07,0.00,0.96,17.00,-0.02,99.00,0.37,0.09,0.00,0.97,60.73,0.04,159.00,0.48,0.06,0.00,0.98,44.27,0.02,237.00,0.56,0.08,0.00,0.91,41.56,0.02,158
,18474,"Smalley, Alex",0.80,0.05,0.00,0.95,21.15,0.00,260.00,0.64,0.05,0.00,0.93,30.97,-0.01,378.00,0.84,0.08,0.00,0.94,16.45,0.01,79.00,0.42,0.05,0.00,0.94,58.34,0.03,125.00,0.51,0.09,0.00,0.95,42.56,0.04,182.00,0.56,0.05,0.00,0.90,39.46,-0.03,125
,19872,"Riley, Davis",0.78,0.07,0.00,0.94,22.03,-0.01,270.00,0.65,0.06,0.00,0.94,31.34,-0.01,360.00,0.80,0.07,0.00,0.95,15.12,0.01,77.00,0.36,0.10,0.00,0.94,60.77,0.01,146.00,0.38,0.04,0.00,0.88,52.01,-0.12,195.00,0.53,0.04,0.00,0.95,38.38,-0.01,145
,21880,"Cone, Trevor",0.76,0.03,0.00,0.90,25.44,-0.07,186.00,0.66,0.06,0.00,0.95,31.96,-0.01,267.00,0.86,0.05,0.00,0.95,17.95,-0.03,79.00,0.28,0.10,0.00,0.95,65.48,0.04,80.00,0.46,0.01,0.00,0.99,43.93,0.00,146.00,0.58,0.05,0.00,0.95,35.74,0.05,124
,17646,"Fitzpatrick, Matt",0.77,0.08,0.00,0.92,22.42,-0.02,278.00,0.65,0.06,0.00,0.92,31.48,-0.02,394.00,0.89,0.07,0.00,0.99,15.35,0.04,77.00,0.37,0.06,0.00,0.98,58.26,0.04,134.00,0.61,0.07,0.00,0.99,40.16,0.10,231.00,0.59,0.07,0.00,0.93,43.75,-0.02,120
,22051,"Wise, Aaron",0.82,0.04,1.00,0.96,21.50,0.03,52.00,0.71,0.05,1.00,0.91,32.82,-0.02,58.00,0.86,0.12,0.00,0.94,21.00,-0.02,17.00,0.34,0.04,0.00,0.89,70.30,-0.06,28.00,0.53,0.06,1.00,0.94,46.19,0.01,35.00,0.44,0.00,0.00,0.97,47.66,-0.10,31
,6430,"Scott, Adam",0.79,0.06,0.00,0.92,21.30,-0.01,244.00,0.66,0.06,0.00,0.95,31.52,-0.02,325.00,0.87,0.11,0.00,0.98,14.47,0.08,81.00,0.32,0.04,0.00,0.98,55.26,0.01,115.00,0.47,0.07,0.00,0.97,43.73,0.02,173.00,0.63,0.08,0.00,1.00,34.40,0.07,103
,14459,"An, Byeong Hun",0.83,0.09,0.00,0.97,20.23,0.05,316.00,0.65,0.05,0.00,0.93,31.12,-0.02,395.00,0.78,0.08,0.00,0.93,17.21,-0.01,132.00,0.35,0.07,0.00,0.92,65.25,-0.03,155.00,0.38,0.04,0.00,0.96,49.70,-0.04,235.00,0.53,0.03,0.00,0.94,39.09,-0.03,214
,19960,"Pavon, Matthieu",0.79,0.07,0.00,0.93,23.29,-0.02,299.00,0.62,0.07,0.00,0.92,32.35,-0.02,377.00,0.86,0.04,0.00,0.92,20.19,-0.07,85.00,0.42,0.06,0.00,0.94,66.35,0.00,126.00,0.44,0.04,0.00,0.96,47.05,-0.01,223.00,0.55,0.05,0.00,0.94,38.99,0.00,121
,8820,"Snedeker, Brandt",0.82,0.10,0.00,0.96,21.22,0.04,224.00,0.66,0.05,0.00,0.95,31.51,-0.02,333.00,0.90,0.10,0.00,1.00,14.30,0.07,70.00,0.35,0.04,0.00,0.96,66.81,-0.03,80.00,0.42,0.05,0.00,0.94,53.49,-0.05,161.00,0.50,0.04,0.00,0.95,41.84,-0.03,93
,23838,"Hojgaard, Rasmus",0.81,0.07,0.00,0.95,21.78,0.02,215.00,0.65,0.04,0.00,0.95,31.17,-0.02,287.00,0.80,0.07,0.00,0.90,20.62,-0.09,83.00,0.39,0.09,0.00,0.96,63.01,0.02,126.00,0.53,0.07,0.00,0.94,44.70,0.00,186.00,0.60,0.09,0.00,0.96,39.48,0.02,141
,18105,"Lawrence, Thriston",0.75,0.05,0.00,0.91,23.71,-0.04,169.00,0.66,0.05,0.00,0.94,30.35,-0.02,264.00,0.80,0.07,0.00,0.93,21.06,-0.08,54.00,0.40,0.08,0.00,0.98,49.57,0.07,63.00,0.50,0.03,0.00,0.97,43.72,0.03,133.00,0.49,0.06,0.00,0.97,35.61,-0.01,64
,27194,"Hall, Harry",0.80,0.07,0.00,0.93,21.22,0.02,337.00,0.65,0.05,0.00,0.92,33.33,-0.02,419.00,0.85,0.11,0.00,0.91,16.39,0.06,116.00,0.35,0.04,0.00,0.95,69.66,-0.02,184.00,0.42,0.06,0.00,0.95,46.76,-0.01,254.00,0.58,0.09,0.00,0.95,34.83,0.03,156
,27996,"Cummins, Quade",0.70,0.05,0.00,0.91,23.52,-0.04,237.00,0.65,0.05,0.00,0.94,31.85,-0.02,305.00,0.80,0.05,0.00,0.94,19.19,-0.04,67.00,0.37,0.06,0.00,0.93,63.99,-0.02,125.00,0.48,0.07,0.00,0.91,46.92,-0.04,151.00,0.52,0.05,0.00,0.95,35.56,-0.01,135
,9171,"Villegas, Camilo",0.83,0.06,0.00,0.96,20.01,0.05,189.00,0.68,0.06,0.00,0.91,32.68,-0.02,279.00,0.89,0.09,0.00,0.94,16.88,0.01,77.00,0.32,0.06,0.00,0.97,56.83,0.01,150.00,0.43,0.05,0.00,0.87,52.16,-0.09,127.00,0.62,0.07,0.00,0.95,32.25,0.05,126
,8480,"Streelman, Kevin",0.82,0.12,0.00,0.98,19.08,0.08,91.00,0.61,0.04,0.00,0.92,31.99,-0.02,131.00,0.91,0.04,0.00,0.96,15.53,0.02,25.00,0.22,0.02,0.00,0.98,62.97,-0.08,44.00,0.42,0.04,0.00,0.98,47.04,0.02,49.00,0.66,0.05,0.00,0.95,39.11,-0.01,37
,12965,"Fowler, Rickie",0.81,0.08,0.00,0.96,20.89,0.04,327.00,0.62,0.07,0.00,0.92,32.02,-0.02,413.00,0.85,0.12,0.00,0.93,17.13,0.02,74.00,0.35,0.06,0.00,0.95,65.14,-0.02,137.00,0.47,0.06,0.00,0.96,43.14,0.02,201.00,0.56,0.06,0.00,0.97,33.35,0.03,127
,14636,"Spieth, Jordan",0.77,0.07,0.00,0.94,22.66,-0.02,239.00,0.65,0.06,0.00,0.92,32.06,-0.02,389.00,0.85,0.10,0.00,0.95,16.17,0.02,87.00,0.41,0.06,0.00,0.98,55.97,0.05,132.00,0.46,0.07,0.00,0.93,40.46,0.01,192.00,0.61,0.11,0.00,0.94,34.96,0.03,143
,17538,"Homa, Max",0.84,0.06,0.00,0.93,20.60,0.01,264.00,0.65,0.06,0.00,0.93,31.03,-0.02,353.00,0.81,0.09,0.00,0.93,17.67,0.00,85.00,0.36,0.05,0.00,0.98,62.72,0.00,122.00,0.47,0.06,0.00,0.94,45.19,0.00,192.00,0.53,0.09,0.00,0.91,38.12,-0.02,128
,15556,"Hughes, Mackenzie",0.81,0.06,0.00,0.95,22.23,-0.01,308.00,0.67,0.05,0.00,0.92,34.16,-0.02,444.00,0.90,0.08,0.00,0.95,17.88,-0.01,93.00,0.37,0.07,0.00,0.95,62.60,0.03,170.00,0.47,0.07,0.00,0.93,48.94,-0.02,214.00,0.61,0.04,0.00,0.96,38.67,0.01,159
,9771,"Day, Jason",0.85,0.09,0.00,0.96,19.65,0.04,213.00,0.70,0.06,0.00,0.91,33.11,-0.02,327.00,0.89,0.15,0.00,0.97,13.39,0.06,59.00,0.29,0.05,0.00,0.97,65.71,-0.04,114.00,0.46,0.07,0.00,0.96,51.64,0.00,168.00,0.57,0.06,0.00,0.98,35.95,0.02,82
,10104,"Power, Seamus",0.80,0.08,0.00,0.94,20.82,0.02,284.00,0.67,0.05,0.00,0.92,33.18,-0.02,404.00,0.90,0.10,0.00,0.97,14.44,0.08,63.00,0.29,0.01,0.00,0.97,66.11,-0.04,112.00,0.49,0.06,0.00,0.97,44.19,0.01,157.00,0.58,0.07,0.00,0.94,37.25,0.04,129
,15470,"Hossler, Beau",0.80,0.05,0.00,0.92,24.20,-0.03,253.00,0.65,0.05,0.00,0.92,33.44,-0.02,375.00,0.87,0.07,0.00,0.96,16.55,0.02,104.00,0.28,0.07,0.00,0.96,57.73,-0.02,172.00,0.45,0.02,0.00,0.92,49.66,-0.05,210.00,0.63,0.05,0.00,0.94,35.41,0.02,205
,23505,"McGreevy, Max",0.80,0.07,0.00,0.95,21.21,0.01,280.00,0.64,0.05,0.00,0.94,32.43,-0.02,410.00,0.91,0.13,0.00,0.93,19.00,0.05,60.00,0.32,0.05,0.00,0.95,53.26,-0.01,107.00,0.51,0.06,0.00,0.96,42.36,0.02,191.00,0.57,0.03,0.00,0.89,37.27,-0.02,94
,11441,"Covello, Vince",0.84,0.08,0.00,0.96,20.94,0.00,78.00,0.67,0.04,0.00,0.94,31.76,-0.03,118.00,0.83,0.04,0.00,0.96,16.43,0.05,25.00,0.30,0.06,0.00,0.94,70.87,-0.01,32.00,0.35,0.00,0.00,0.91,51.50,-0.15,56.00,0.62,0.04,0.00,0.96,35.98,0.04,54
,24837,"Goodwin, Noah",0.79,0.06,0.00,0.94,23.42,-0.02,197.00,0.64,0.05,0.00,0.94,33.42,-0.03,304.00,0.86,0.11,0.00,0.95,16.61,0.04,75.00,0.35,0.06,0.00,0.94,62.04,-0.01,87.00,0.36,0.04,0.00,0.97,48.08,-0.04,137.00,0.53,0.07,0.00,0.93,37.40,-0.02,82
,12909,"Campos, Rafael",0.76,0.06,0.00,0.93,22.81,-0.02,247.00,0.62,0.08,0.00,0.92,33.59,-0.03,358.00,0.72,0.01,0.00,0.84,22.36,-0.16,76.00,0.36,0.05,0.00,0.96,58.14,0.00,136.00,0.43,0.03,0.00,0.92,48.13,-0.06,181.00,0.57,0.07,0.00,0.95,39.13,-0.02,149
,13497,"Lee, K.H.",0.75,0.05,0.00,0.88,20.61,0.01,59.00,0.65,0.01,0.00,0.94,31.87,-0.03,104.00,0.86,0.14,0.00,0.86,15.22,0.08,22.00,0.26,0.03,0.00,0.97,69.98,-0.08,37.00,0.45,0.04,0.00,0.94,47.12,-0.07,52.00,0.52,0.06,0.00,0.92,39.07,-0.02,48
,5689,"Garcia, Sergio",,,,,,,,0.64,0.02,1.00,0.96,30.17,-0.03,55.00,0.84,0.17,1.00,0.92,17.11,0.05,12.00,0.42,0.00,1.00,0.95,62.92,-0.01,19.00,0.33,0.03,1.00,1.00,41.65,0.02,32.00,,,,,,,
,13470,"Kizzire, Patton",0.78,0.10,0.00,0.95,21.52,0.04,220.00,0.64,0.06,0.00,0.94,33.71,-0.03,321.00,0.85,0.06,0.00,0.92,17.98,0.02,86.00,0.29,0.04,0.00,0.97,66.07,-0.03,115.00,0.39,0.08,0.00,0.95,48.27,-0.05,148.00,0.59,0.03,0.00,0.96,38.82,-0.01,99
,14007,"Martin, Ben",0.79,0.05,0.00,0.94,24.89,-0.04,144.00,0.65,0.06,0.00,0.95,33.72,-0.03,235.00,0.84,0.05,0.00,0.90,18.80,-0.04,61.00,0.37,0.04,0.00,0.97,56.29,-0.01,75.00,0.50,0.02,0.00,0.98,41.52,0.05,132.00,0.67,0.06,0.00,0.94,35.64,0.03,88
,16341,"Peterson, Paul",0.82,0.06,0.00,0.96,21.02,0.02,187.00,0.62,0.05,0.00,0.94,33.78,-0.03,295.00,0.93,0.07,0.00,1.00,16.03,0.09,81.00,0.19,0.00,0.00,0.95,68.70,-0.14,59.00,0.44,0.05,0.00,0.96,45.94,0.00,156.00,0.67,0.15,0.00,0.93,35.00,0.07,69
,6169,"Kuchar, Matt",0.83,0.11,0.00,0.95,19.45,0.08,238.00,0.63,0.05,0.00,0.96,33.86,-0.03,328.00,0.86,0.08,0.00,0.98,17.07,0.00,87.00,0.38,0.02,0.00,0.97,64.84,0.01,87.00,0.44,0.04,0.00,0.97,43.07,0.01,139.00,0.63,0.05,0.00,0.98,31.80,0.06,92
,10943,"Lashley, Nate",0.80,0.06,0.00,0.93,21.09,0.03,170.00,0.64,0.05,0.00,0.93,32.89,-0.03,259.00,0.82,0.09,0.00,0.95,17.41,-0.01,58.00,0.44,0.05,0.00,0.98,50.51,0.09,96.00,0.45,0.01,0.00,0.98,46.16,-0.02,124.00,0.55,0.08,0.00,0.96,34.89,0.03,79
,17381,"Silverman, Ben",0.77,0.07,0.00,0.94,23.05,-0.01,275.00,0.65,0.07,0.00,0.92,33.08,-0.03,330.00,0.85,0.05,0.00,0.92,21.25,-0.06,89.00,0.32,0.02,0.00,0.93,71.26,-0.06,111.00,0.40,0.03,0.00,0.94,49.58,-0.09,164.00,0.60,0.07,0.00,0.94,36.92,0.04,102
,15475,"Pan, C.T.",0.81,0.04,0.00,0.97,24.18,-0.03,91.00,0.61,0.03,0.00,0.93,32.92,-0.03,145.00,0.89,0.05,0.00,1.00,16.82,0.00,19.00,0.38,0.16,0.00,1.00,49.40,0.09,45.00,0.37,0.04,0.00,0.97,48.06,-0.04,71.00,0.78,0.12,0.00,0.96,26.30,0.09,26
,15676,"Norgaard, Niklas",0.80,0.11,0.00,0.94,22.70,0.00,144.00,0.65,0.05,0.00,0.92,33.40,-0.03,220.00,0.90,0.07,0.00,0.97,17.62,-0.03,73.00,0.39,0.07,0.00,0.97,64.83,0.02,87.00,0.61,0.05,0.00,0.96,40.23,0.06,112.00,0.50,0.04,0.00,0.89,44.53,-0.08,122
,30892,"Riedel, Matthew",0.81,0.05,0.00,0.94,24.03,-0.02,202.00,0.64,0.01,0.00,0.95,33.33,-0.03,242.00,0.79,0.02,0.00,0.89,22.85,-0.07,61.00,0.32,0.06,0.00,0.94,60.89,-0.04,87.00,0.49,0.07,0.00,0.94,44.07,0.00,123.00,0.61,0.05,0.00,0.95,42.19,-0.03,92
,17422,"Del Solar, Cristobal",0.73,0.03,0.00,0.92,24.23,-0.05,184.00,0.61,0.06,0.00,0.91,32.26,-0.03,251.00,0.81,0.07,0.00,0.91,20.69,-0.08,54.00,0.38,0.07,0.00,0.91,63.58,-0.05,114.00,0.47,0.06,0.00,0.94,44.76,0.01,144.00,0.54,0.08,0.00,0.93,38.02,0.02,146
,16433,"NeSmith, Matt",0.86,0.10,0.00,0.90,22.50,0.01,81.00,0.64,0.02,0.00,0.94,32.02,-0.04,107.00,0.87,0.04,0.00,1.00,18.43,-0.05,26.00,0.28,0.04,0.00,1.00,70.68,-0.06,27.00,0.45,0.05,0.00,0.93,45.09,-0.01,56.00,0.40,0.03,0.00,0.87,47.62,-0.15,39
,1547,"Mickelson, Phil",,,,,,,,0.64,0.07,1.00,0.95,31.89,-0.04,57.00,0.75,0.00,1.00,0.91,22.04,-0.17,11.00,,,,,,,,0.43,0.06,1.00,0.97,43.72,0.03,34.00,0.56,0.00,1.00,1.00,34.47,0.01,13
,17639,"Blair, Zac",0.77,0.06,0.00,0.94,21.98,0.00,170.00,0.61,0.06,0.00,0.90,35.15,-0.04,217.00,0.94,0.10,0.00,0.97,16.70,0.05,71.00,0.23,0.08,0.00,0.94,64.91,-0.04,50.00,0.56,0.12,0.00,0.96,41.18,0.10,140.00,0.59,0.09,0.00,0.97,35.30,0.04,71
,4163,"Donald, Luke",,,,,,,,0.61,0.12,1.00,0.92,30.65,-0.04,65.00,0.95,0.00,1.00,1.00,14.96,0.04,12.00,0.23,0.00,1.00,0.96,71.35,-0.11,25.00,0.48,0.00,1.00,1.00,56.28,-0.02,36.00,0.30,0.13,0.00,0.93,41.20,-0.09,15
,27762,"Velo, Kevin",0.75,0.08,0.00,0.94,23.31,-0.02,176.00,0.63,0.03,0.00,0.93,32.97,-0.04,258.00,0.89,0.11,0.00,0.94,16.30,0.06,70.00,0.28,0.05,0.00,0.94,72.98,-0.09,83.00,0.40,0.05,0.00,0.97,44.64,-0.01,113.00,0.48,0.09,0.00,0.97,37.30,0.00,87
,26850,"Svensson, Jesper",0.77,0.05,0.00,0.94,23.65,-0.03,276.00,0.62,0.05,0.00,0.93,33.65,-0.04,379.00,0.88,0.09,0.00,0.98,15.28,0.06,127.00,0.34,0.05,0.00,0.96,66.31,-0.02,153.00,0.45,0.04,0.00,0.93,47.71,-0.03,187.00,0.59,0.10,0.00,0.94,36.50,0.04,191
,7960,"List, Luke",0.77,0.06,0.00,0.91,26.10,-0.06,242.00,0.62,0.07,0.00,0.92,34.84,-0.04,319.00,0.80,0.05,0.00,0.92,20.62,-0.06,66.00,0.38,0.02,0.00,0.96,56.20,0.01,120.00,0.48,0.08,0.00,0.96,45.74,0.01,161.00,0.61,0.07,0.00,0.98,40.40,-0.02,138
,12426,"Waring, Paul",0.74,0.06,0.00,0.83,25.10,-0.06,82.00,0.58,0.06,0.00,0.93,33.69,-0.04,121.00,0.78,0.13,0.00,0.90,20.40,-0.03,39.00,0.35,0.00,0.00,0.93,55.81,-0.06,55.00,0.49,0.09,0.00,0.99,43.69,0.00,70.00,0.53,0.08,0.00,0.92,38.24,-0.07,37
,21412,"Capan III, Frankie",0.72,0.07,0.00,0.89,24.33,-0.05,180.00,0.60,0.03,0.00,0.94,33.83,-0.04,266.00,0.85,0.09,0.00,0.89,18.61,0.02,56.00,0.37,0.07,0.00,0.93,51.58,-0.01,147.00,0.45,0.03,0.00,0.90,52.02,-0.07,125.00,0.50,0.04,0.00,0.96,39.14,-0.03,165
,6252,"Baddeley, Aaron",0.85,0.08,0.00,0.96,23.12,0.02,103.00,0.63,0.05,0.00,0.92,33.86,-0.04,207.00,0.84,0.08,0.00,0.94,17.15,-0.04,49.00,0.25,0.07,0.00,0.92,69.95,-0.09,88.00,0.39,0.05,0.00,0.91,48.10,-0.04,100.00,0.43,0.07,0.00,0.95,41.25,-0.04,73
,14140,"Higgs, Harry",0.78,0.06,0.00,0.93,23.12,-0.01,246.00,0.63,0.07,0.00,0.92,34.85,-0.04,324.00,0.85,0.14,0.00,0.96,18.35,0.01,74.00,0.36,0.07,0.00,0.94,57.66,0.02,107.00,0.53,0.07,0.00,0.93,44.43,0.02,176.00,0.56,0.03,0.00,0.93,39.80,-0.02,159
,12920,"Willett, Danny",0.76,0.05,0.00,0.92,24.16,-0.05,111.00,0.67,0.04,0.00,0.93,33.59,-0.04,167.00,0.74,0.08,0.00,0.95,18.96,-0.06,38.00,0.28,0.04,0.00,0.91,60.15,-0.06,53.00,0.44,0.01,0.00,0.90,47.96,-0.08,94.00,0.48,0.07,0.00,0.96,39.57,-0.04,54
,27819,"Castillo, Ricky",0.76,0.08,0.00,0.91,23.11,-0.01,233.00,0.62,0.04,0.00,0.91,34.04,-0.04,324.00,0.87,0.08,0.00,0.93,18.96,-0.03,101.00,0.37,0.09,0.00,0.97,62.94,0.02,122.00,0.48,0.03,0.00,0.96,44.69,-0.02,162.00,0.74,0.04,0.00,0.98,31.59,0.10,127
,24354,"Xiong, Norman",0.77,0.07,0.00,0.93,22.31,-0.04,59.00,0.57,0.07,0.00,0.90,34.86,-0.05,82.00,0.84,0.00,0.00,0.86,19.58,-0.03,21.00,0.39,0.09,0.00,1.00,60.80,0.05,44.00,0.67,0.05,0.00,0.93,46.32,0.00,40.00,0.64,0.10,0.00,0.98,33.26,0.07,42
,27420,"Dickson, Taylor",0.76,0.07,0.00,0.92,22.13,-0.03,191.00,0.61,0.05,0.00,0.94,32.66,-0.05,269.00,0.83,0.06,0.00,0.97,18.23,-0.02,65.00,0.30,0.03,0.00,0.94,70.17,-0.08,111.00,0.43,0.07,0.00,0.93,46.42,-0.02,142.00,0.53,0.02,0.00,0.96,41.01,-0.05,95
,31343,"Ford, David",0.75,0.03,0.00,0.93,24.40,-0.06,133.00,0.63,0.04,0.00,0.95,32.22,-0.05,148.00,0.78,0.08,0.00,0.92,19.20,-0.04,37.00,0.29,0.00,1.00,0.95,59.03,-0.03,21.00,0.45,0.06,0.00,0.97,41.04,0.04,70.00,0.57,0.11,0.00,0.89,44.94,-0.01,27
,19729,"Kanaya, Takumi",0.82,0.03,0.00,0.95,23.53,-0.03,232.00,0.59,0.03,0.00,0.96,34.03,-0.05,361.00,0.87,0.07,0.00,0.97,17.18,0.01,85.00,0.34,0.03,0.00,0.98,61.24,0.00,62.00,0.42,0.04,0.00,0.94,49.96,-0.05,173.00,0.57,0.04,0.00,0.97,37.58,-0.02,71
,31212,"Chandler, Will",0.77,0.08,0.00,0.91,24.23,-0.02,227.00,0.62,0.03,0.00,0.93,33.49,-0.05,304.00,0.83,0.04,0.00,0.95,18.33,-0.06,74.00,0.39,0.09,0.00,0.93,64.45,-0.01,118.00,0.33,0.04,0.00,0.93,57.90,-0.11,161.00,0.54,0.03,0.00,0.92,42.45,-0.04,121
,22087,"Paul, Jeremy",0.80,0.06,0.00,0.93,24.04,-0.02,206.00,0.64,0.06,0.00,0.90,35.33,-0.05,276.00,0.94,0.13,0.00,1.00,14.77,0.07,62.00,0.28,0.04,0.00,0.94,61.17,-0.05,102.00,0.51,0.05,0.00,0.96,44.05,-0.01,130.00,0.62,0.07,0.00,0.97,35.39,0.06,120
,7899,"Piercy, Scott",0.75,0.15,0.00,0.93,19.32,0.07,67.00,0.59,0.03,0.00,0.91,33.14,-0.05,91.00,0.83,0.07,0.00,0.93,20.01,-0.05,27.00,0.18,0.00,0.00,0.94,63.41,-0.15,31.00,0.43,0.02,0.00,0.96,51.50,-0.06,54.00,0.54,0.11,0.00,0.96,33.24,0.06,47
,19396,"Knapp, Jake",0.82,0.09,0.00,0.94,21.57,0.03,262.00,0.63,0.03,0.00,0.91,32.90,-0.05,365.00,0.86,0.09,0.00,0.91,19.42,-0.02,87.00,0.38,0.08,0.00,0.95,58.01,0.02,160.00,0.47,0.08,0.00,0.94,43.31,0.01,205.00,0.60,0.10,0.00,0.94,36.55,0.04,153
,25263,"Onishi, Kaito",0.76,0.05,0.00,0.96,21.69,0.00,137.00,0.59,0.05,0.00,0.93,32.97,-0.05,219.00,0.76,0.06,0.00,0.90,19.22,-0.11,50.00,0.35,0.06,0.00,0.95,54.53,0.00,73.00,0.47,0.08,0.00,0.96,44.38,-0.01,111.00,0.60,0.09,0.00,0.96,39.83,0.03,81
,21944,"Moore, Taylor",0.78,0.05,0.00,0.90,23.82,-0.04,225.00,0.65,0.03,0.00,0.92,33.73,-0.05,338.00,0.81,0.09,0.00,0.93,18.19,0.01,102.00,0.34,0.03,0.00,0.96,56.46,0.01,135.00,0.50,0.05,0.00,0.98,47.02,0.01,179.00,0.56,0.06,0.00,0.94,38.37,0.00,141
,21235,"Albertson, Anders",0.72,0.06,0.00,0.88,24.69,-0.07,90.00,0.64,0.03,0.00,0.91,34.99,-0.06,157.00,0.95,0.00,0.00,1.00,16.94,0.01,30.00,0.44,0.02,0.00,1.00,57.77,0.03,59.00,0.51,0.06,0.00,0.90,50.87,-0.06,67.00,0.49,0.03,0.00,0.91,43.13,-0.06,63
,24562,"Knowles, Philip",0.73,0.04,0.00,0.91,23.56,-0.03,125.00,0.59,0.04,0.00,0.92,117.47,-0.06,168.00,0.87,0.15,0.00,0.98,14.76,0.12,48.00,0.25,0.00,0.00,0.95,74.28,-0.12,43.00,0.46,0.01,0.00,0.99,44.42,-0.02,89.00,0.53,0.00,0.00,0.85,40.92,-0.08,53
,33755,"La Sasso, Michael",0.68,0.05,1.00,0.88,28.86,-0.12,42.00,0.65,0.03,1.00,0.90,32.29,-0.06,60.00,0.86,0.11,0.00,0.90,22.08,-0.09,19.00,,,,,,,,0.56,0.03,1.00,1.00,41.81,0.06,34.00,0.56,0.04,0.00,0.92,37.11,0.00,25
,21995,"Springer, Hayden",0.75,0.05,0.00,0.88,24.80,-0.04,188.00,0.64,0.03,0.00,0.92,34.30,-0.06,275.00,0.80,0.13,0.00,0.92,17.61,0.02,88.00,0.40,0.06,0.00,0.97,57.74,0.02,100.00,0.44,0.09,0.00,0.94,49.23,0.01,141.00,0.55,0.03,0.00,0.92,40.23,-0.04,129
,23540,"Andersen, Mason",0.71,0.06,0.00,0.94,22.84,-0.03,143.00,0.58,0.03,0.00,0.91,34.40,-0.06,236.00,0.84,0.04,0.00,0.95,19.77,-0.06,57.00,0.31,0.06,0.00,0.92,71.01,-0.04,91.00,0.44,0.05,0.00,0.91,49.94,-0.06,112.00,0.55,0.02,0.00,0.92,38.95,-0.06,117
,25442,"Montgomery, Taylor",0.72,0.04,0.00,0.91,22.27,-0.03,167.00,0.62,0.05,0.00,0.92,35.15,-0.06,248.00,0.86,0.06,0.00,0.93,18.69,-0.01,80.00,0.35,0.07,0.00,0.97,59.70,0.02,119.00,0.38,0.06,0.00,0.94,47.95,-0.05,127.00,0.60,0.09,0.00,0.98,33.02,0.08,128
,21875,"Widing, Tim",0.82,0.08,0.00,0.93,21.51,0.01,116.00,0.60,0.04,0.00,0.91,33.18,-0.06,172.00,0.76,0.06,0.00,0.87,22.42,-0.15,53.00,0.35,0.04,0.00,0.95,53.34,0.01,74.00,0.43,0.09,0.00,0.96,43.52,0.00,96.00,0.57,0.03,0.00,0.95,37.15,0.00,78
,11374,"Hahn, James",0.78,0.02,0.00,0.96,24.29,-0.04,104.00,0.63,0.03,0.00,0.88,37.65,-0.07,122.00,0.79,0.03,0.00,0.91,18.54,-0.05,32.00,0.22,0.00,0.00,0.96,67.81,-0.10,46.00,0.47,0.02,0.00,0.94,49.04,-0.05,68.00,0.59,0.08,0.00,0.91,37.65,-0.02,53
,9586,"Laird, Martin",0.79,0.05,0.00,0.94,21.81,-0.01,64.00,0.67,0.04,0.00,0.84,33.00,-0.07,95.00,1.00,0.13,0.00,1.00,15.69,0.05,31.00,0.27,0.08,1.00,1.00,72.51,0.03,24.00,0.51,0.04,0.00,0.96,44.30,0.01,48.00,0.73,0.05,0.00,0.98,29.67,0.10,41
,6931,"Byrd, Jonathan",0.78,0.00,0.00,0.95,22.18,-0.04,55.00,0.66,0.02,0.00,0.94,37.77,-0.07,84.00,0.84,0.11,0.00,0.93,16.91,0.00,27.00,0.34,0.00,0.00,0.97,58.01,0.03,31.00,0.43,0.02,0.00,0.93,50.44,-0.07,45.00,0.52,0.14,0.00,0.89,41.85,-0.01,35
,30814,"Sargent, Gordon",0.79,0.05,0.00,0.92,25.31,-0.05,101.00,0.58,0.05,0.00,0.90,36.67,-0.07,111.00,0.84,0.06,0.00,0.96,15.79,0.00,50.00,0.23,0.00,0.00,0.98,89.93,-0.10,40.00,0.32,0.06,0.00,0.90,50.07,-0.09,68.00,0.60,0.05,0.00,0.95,39.36,0.02,76
,23502,"Thornberry, Braden",0.82,0.07,0.00,0.93,24.72,-0.03,160.00,0.63,0.01,0.00,0.89,37.12,-0.08,240.00,0.90,0.05,0.00,0.95,17.17,-0.02,61.00,0.27,0.02,0.00,0.95,70.74,-0.07,92.00,0.36,0.01,0.00,0.94,59.00,-0.12,109.00,0.62,0.03,0.00,0.95,40.33,-0.02,116
,17488,"Im, Sungjae",0.75,0.06,0.00,0.91,24.74,-0.06,319.00,0.60,0.05,0.00,0.90,34.45,-0.08,506.00,0.81,0.08,0.00,0.92,18.79,-0.02,121.00,0.27,0.10,0.00,0.91,60.68,-0.04,157.00,0.45,0.05,0.00,0.96,45.40,-0.02,299.00,0.49,0.05,0.00,0.91,43.53,-0.06,98
,11328,"Kisner, Kevin",0.77,0.09,0.00,0.97,24.29,-0.02,120.00,0.62,0.03,0.00,0.94,37.10,-0.08,196.00,0.78,0.10,0.00,0.90,18.59,-0.04,41.00,0.29,0.03,0.00,0.94,67.55,-0.03,62.00,0.51,0.05,0.00,0.93,48.30,-0.02,99.00,0.54,0.03,0.00,0.97,39.74,-0.01,68
,7301,"Dufner, Jason",0.72,0.03,0.00,0.91,22.65,-0.09,58.00,0.61,0.09,1.00,0.85,32.16,-0.10,58.00,0.87,0.17,0.00,0.96,15.33,0.13,23.00,,,,,,,,0.41,0.00,1.00,0.90,52.23,-0.12,29.00,0.45,0.11,0.00,0.89,45.06,-0.08,18
,18579,"Cook, Austin",0.81,0.11,1.00,0.98,20.45,0.02,47.00,0.59,0.05,0.00,0.89,37.13,-0.12,78.00,0.66,0.17,0.00,0.83,18.08,-0.11,18.00,0.55,0.14,1.00,0.95,48.92,0.15,21.00,0.23,0.00,1.00,1.00,58.98,-0.15,30.00,0.56,0.00,0.00,0.96,45.54,-0.04,26
,7820,"Palmer, Ryan",0.71,0.03,0.00,0.90,24.70,-0.11,173.00,0.52,0.04,0.00,0.85,39.92,-0.15,219.00,0.88,0.12,0.00,0.98,16.46,0.05,52.00,0.29,0.04,0.00,0.95,62.95,-0.04,78.00,0.35,0.03,0.00,0.84,51.18,-0.13,97.00,0.57,0.04,0.00,0.92,37.99,-0.04,75
,12425,"Todd, Brendon",0.68,0.00,1.00,0.84,27.21,-0.10,45.00,0.45,0.03,1.00,0.70,52.94,-0.27,64.00,,,,,,,,0.31,0.03,0.00,0.97,59.95,-0.11,36.00,,,,,,,,0.56,0.11,0.00,0.91,39.09,-0.02,35
,3349,"Johnson, Tom",,,,,,,,,,,,,,,,,,,,,,,,,,,,,,,,,,,,0.27,0.00,1.00,0.83,49.33,-0.23,12
,6419,"McNeill, George",,,,,,,,,,,,,,,,,,,,,,,,,,,,,,,,,,,,0.67,0.00,0.00,1.00,36.39,0.04,19
,6516,"Bland, Richard",,,,,,,,,,,,,,,,,,,,,,,,,,,,,0.52,0.10,1.00,1.00,36.01,0.13,30.00,,,,,,,
,7293,"Walker, Jimmy",,,,,,,,,,,,,,,,,,,,,,,,,,,,,,,,,,,,0.53,0.00,0.00,1.00,31.31,0.01,15
,7649,"Leishman, Marc",,,,,,,,,,,,,,,,,,,,,,,,,,,,,,,,,,,,0.50,0.00,1.00,0.92,38.69,-0.01,13
,7900,"Haas, Bill",,,,,,,,,,,,,,,0.86,0.06,0.00,1.00,19.80,-0.04,17.00,0.47,0.05,1.00,1.00,75.29,0.03,19.00,,,,,,,,0.66,0.06,0.00,0.94,37.39,-0.01,17
,10423,"Brehm, Ryan",,,,,,,,,,,,,,,0.75,0.00,1.00,1.00,23.27,-0.16,14.00,,,,,,,,,,,,,,,0.77,0.00,0.00,1.00,27.06,0.10,15
,11955,"Frittelli, Dylan",,,,,,,,,,,,,,,,,,,,,,,,,,,,,,,,,,,,0.69,0.08,1.00,0.92,30.76,0.13,12
,12169,"Gainey, Tommy",,,,,,,,,,,,,,,0.94,0.07,1.00,0.93,15.30,0.05,14.00,,,,,,,,,,,,,,,0.28,0.00,0.00,0.90,55.29,-0.20,19
,12177,"Pavan, Andrea",,,,,,,,,,,,,,,,,,,,,,,,,,,,,,,,,,,,0.43,0.09,1.00,0.73,44.31,-0.19,11
,12333,"Block, Michael",,,,,,,,,,,,,,,,,,,,,,,,,,,,,,,,,,,,0.64,0.00,1.00,1.00,32.09,0.02,12
,12846,"Herman, Jim",,,,,,,,,,,,,,,,,,,,,,,,,,,,,,,,,,,,0.51,0.00,1.00,1.00,38.54,-0.02,11
,13127,"Tway, Kevin",,,,,,,,,,,,,,,,,,,,,,0.36,0.04,0.00,1.00,64.16,-0.01,28.00,,,,,,,,0.48,0.11,0.00,0.90,38.22,-0.03,19
,14424,"Burmester, Dean",,,,,,,,,,,,,,,,,,,,,,,,,,,,,,,,,,,,0.49,0.17,1.00,0.83,38.36,0.03,12
,15067,"Cao, Yi",,,,,,,,,,,,,,,0.83,0.06,0.00,0.88,20.40,-0.11,17.00,,,,,,,,,,,,,,,,,,,,,
,15310,"Li, Haotong",,,,,,,,,,,,,,,,,,,,,,,,,,,,,,,,,,,,0.48,0.19,0.00,0.94,41.83,0.01,16
,15856,"Smith, Cameron",,,,,,,,,,,,,,,,,,,,,,0.26,0.00,1.00,0.95,66.82,-0.06,19.00,,,,,,,,0.79,0.00,1.00,1.00,37.77,0.04,14
,16382,"Knous, Jim",,,,,,,,,,,,,,,0.75,0.07,0.00,0.73,24.88,-0.07,15.00,,,,,,,,,,,,,,,0.78,0.14,1.00,0.86,35.11,0.05,14
,16652,"Langasque, Romain",,,,,,,,,,,,,,,,,,,,,,,,,,,,,,,,,,,,0.60,0.08,1.00,0.92,36.75,0.03,13
,16896,"Kruyswijk, Jacques",,,,,,,,,,,,,,,,,,,,,,,,,,,,,,,,,,,,0.64,0.09,1.00,1.00,33.70,0.09,11
,17068,"Daffue, MJ",,,,,,,,,,,,,,,,,,,,,,,,,,,,,,,,,,,,0.34,0.08,1.00,1.00,39.26,-0.05,12
,17266,"Yuan, Carl",,,,,,,,,,,,,,,,,,,,,,,,,,,,,,,,,,,,0.70,0.00,1.00,1.00,32.04,0.08,12
,17357,"Migliozzi, Guido",,,,,,,,,,,,,,,,,,,,,,,,,,,,,,,,,,,,0.60,0.13,0.00,1.00,32.59,0.13,15
,17813,"Armitage, Marcus",,,,,,,,,,,,,,,,,,,,,,,,,,,,,,,,,,,,0.78,0.09,1.00,1.00,36.57,0.09,11
,18244,"Shinkwin, Callum",,,,,,,,,,,,,,,,,,,,,,,,,,,,,,,,,,,,0.35,0.00,0.00,0.73,51.53,-0.27,15
,18635,"Shelton, Robby",,,,,,,,,,,,,,,,,,,,,,0.27,0.05,1.00,0.90,63.97,-0.07,19.00,,,,,,,,0.46,0.00,0.00,1.00,31.76,-0.05,17
,19429,"Naidoo, Dylan",,,,,,,,,,,,,,,,,,,,,,,,,,,,,,,,,,,,0.57,0.00,1.00,0.92,48.19,-0.15,12
,19635,"Cantero Gutierrez, Ivan",,,,,,,,,,,,,,,,,,,,,,,,,,,,,,,,,,,,0.65,0.00,0.00,0.95,42.08,-0.05,20
,20344,"Polland, Ben",,,,,,,,,,,,,,,0.97,0.08,1.00,1.00,17.27,0.03,12.00,,,,,,,,,,,,,,,,,,,,,
,20519,"Tarren, Callum",,,,,,,,,,,,,,,,,,,,,,,,,,,,,,,,,,,,0.67,0.19,0.00,1.00,27.30,0.18,16
,20766,"Brown, Daniel",,,,,,,,,,,,,,,,,,,,,,,,,,,,,,,,,,,,0.50,0.00,1.00,0.67,45.81,-0.23,12
,21236,"Bryan, Wesley",,,,,,,,,,,,,,,,,,,,,,,,,,,,,,,,,,,,0.40,0.00,1.00,1.00,33.96,-0.08,12
,21407,"Reitan, Kristoffer",,,,,,,,,,,,,,,,,,,,,,,,,,,,,,,,,,,,0.45,0.13,0.00,0.93,33.53,0.04,15
,21688,"Kim, S.H.",,,,,,,,,,,,,,,,,,,,,,,,,,,,,,,,,,,,0.58,0.00,1.00,1.00,35.22,0.01,13
,22002,"Dumont De Chassart, Adrien",,,,,,,,,,,,,,,,,,,,,,,,,,,,,,,,,,,,0.61,0.07,1.00,1.00,36.59,0.06,14
,22168,"Brown, Hamish",,,,,,,,,,,,,,,1.00,0.08,1.00,1.00,15.63,0.05,13.00,,,,,,,,,,,,,,,0.64,0.08,1.00,1.00,32.06,0.09,12
,22259,"Del Rey, Alejandro",,,,,,,,,,,,,,,,,,,,,,,,,,,,,,,,,,,,0.51,0.17,1.00,0.92,35.58,0.07,12
,22322,"McKibbin, Tom",,,,,,,,,,,,,,,,,,,,,,,,,,,,,,,,,,,,0.61,0.08,1.00,1.00,42.50,-0.01,13
,22461,"White, Brett",,,,,,,,,,,,,,,,,,,,,,,,,,,,,,,,,,,,0.82,0.18,1.00,1.00,32.69,0.15,11
,22465,"Penge, Marco",,,,,,,,,,,,,,,0.95,0.00,1.00,1.00,17.80,-0.05,12.00,0.35,0.11,1.00,1.00,46.70,-0.01,19.00,0.45,0.11,1.00,0.96,39.24,0.10,28.00,0.56,0.11,0.00,1.00,31.50,0.05,19
,22844,"Kawamoto, Riki",,,,,,,,,,,,,,,,,,,,,,,,,,,,,,,,,,,,0.43,0.00,1.00,0.92,39.98,-0.10,12
,22981,"Matthews, Brandon",,,,,,,,,,,,,,,,,,,,,,0.38,0.09,1.00,0.96,59.49,0.06,23.00,,,,,,,,0.49,0.00,0.00,0.96,46.80,-0.04,23
,24303,"Reiter, Charles",,,,,,,,,,,,,,,,,,,,,,,,,,,,,,,,,,,,0.44,0.17,0.00,1.00,38.22,-0.02,18
,24496,"Radcliff, Josh",,,,,,,,,,,,,,,,,,,,,,,,,,,,,,,,,,,,0.55,0.00,1.00,1.00,37.63,0.04,14
,24502,"Feuerstein, Michael",,,,,,,,,,,,,,,,,,,,,,,,,,,,,,,,,,,,0.58,0.17,1.00,1.00,33.24,0.12,12
,24962,"Docherty, Alistair",,,,,,,,,,,,,,,,,,,,,,,,,,,,,,,,,,,,0.53,0.00,1.00,1.00,46.04,0.00,11
,25335,"Stallings Jr., Stephen",,,,,,,,,,,,,,,0.91,0.00,1.00,1.00,12.92,0.06,11.00,,,,,,,,,,,,,,,0.46,0.00,1.00,1.00,40.84,-0.03,14
,25601,"Jordan, Matthew",,,,,,,,,,,,,,,,,,,,,,0.25,0.00,1.00,0.95,82.81,-0.07,20.00,,,,,,,,0.46,0.13,0.00,1.00,39.36,0.05,16
,25611,"Olesen, Jacob Skov",,,,,,,,,,,,,,,,,,,,,,,,,,,,,,,,,,,,0.63,0.14,1.00,0.93,33.77,0.06,14
,25963,"Purcell, Conor",,,,,,,,,,,,,,,0.83,0.00,1.00,1.00,18.71,-0.09,11.00,,,,,,,,,,,,,,,,,,,,,
,26008,"Elvira, Manuel",,,,,,,,,,,,,,,,,,,,,,,,,,,,,,,,,,,,0.51,0.09,1.00,0.91,43.60,-0.06,11
,26617,"Anderson, Matthew",,,,,,,,,,,,,,,,,,,,,,,,,,,,,,,,,,,,0.59,0.00,1.00,1.00,30.98,0.10,11
,26746,"Summerhays, Preston",,,,,,,,,,,,,,,0.83,0.00,1.00,0.92,19.87,-0.03,12.00,,,,,,,,,,,,,,,0.45,0.06,0.00,0.78,59.73,-0.09,18
,26913,"Phillips, Trent",,,,,,,,,,,,,,,,,,,,,,,,,,,,,,,,,,,,0.65,0.11,0.00,1.00,31.77,0.09,19
,27350,"Duangmanee, George",,,,,,,,,,,,,,,,,,,,,,0.35,0.05,1.00,0.95,61.80,0.03,21.00,,,,,,,,0.72,0.00,0.00,1.00,36.95,0.05,16
,27780,"Crowe, Trace",,,,,,,,,,,,,,,,,,,,,,0.29,0.04,0.00,0.92,61.33,-0.03,26.00,,,,,,,,0.56,0.10,0.00,0.95,39.75,-0.01,21
,27811,"Couvra, Martin",,,,,,,,,,,,,,,,,,,,,,,,,,,,,,,,,,,,0.46,0.18,1.00,0.82,47.78,0.02,11
,29304,"Byrd, Marcus",,,,,,,,,,,,,,,,,,,,,,,,,,,,,,,,,,,,0.56,0.07,0.00,0.93,38.05,0.02,15
,29827,"James, Ben",,,,,,,,,,,,,,,,,,,,,,,,,,,,,,,,,,,,0.73,0.31,1.00,1.00,30.97,0.20,13
,30445,"Ayora, Angel",,,,,,,,,,,,,,,,,,,,,,,,,,,,,,,,,,,,0.58,0.15,1.00,1.00,33.58,0.04,13
,30937,"Duncan, Austin",,,,,,,,,,,,,,,,,,,,,,0.30,0.05,1.00,1.00,63.13,0.00,20.00,,,,,,,,0.52,0.00,1.00,1.00,34.98,-0.01,11
,32055,"Shipley, Neal",,,,,,,,,,,,,,,,,,,,,,,,,,,,,,,,,,,,0.50,0.06,0.00,1.00,28.78,0.04,18
,32064,"Russell, Miles",,,,,,,,,,,,,,,,,,,,,,,,,,,,,,,,,,,,0.84,0.25,1.00,0.92,34.30,0.19,12
,32260,"McCulloch, Ashton",,,,,,,,,,,,,,,,,,,,,,,,,,,,,,,,,,,,0.68,0.07,0.00,0.93,32.72,0.13,15
,32819,"Herron, Carson",,,,,,,,,,,,,,,,,,,,,,,,,,,,,,,,,,,,0.31,0.00,1.00,0.92,48.17,-0.10,12
,33354,"Kent, Noah",,,,,,,,,,,,,,,,,,,,,,0.34,0.00,1.00,0.92,60.44,-0.08,25.00,,,,,,,,0.35,0.06,0.00,0.83,42.91,-0.13,18
,33955,"Meeks, Kye",,,,,,,,,,,,,,,,,,,,,,,,,,,,,,,,,,,,0.68,0.08,1.00,0.83,41.76,-0.01,12
,34025,"Fang, Ethan",,,,,,,,,,,,,,,,,,,,,,,,,,,,,,,,,,,,0.24,0.00,1.00,1.00,31.28,-0.05,11
,34445,"Watts, Tyler",,,,,,,,,,,,,,,,,,,,,,,,,,,,,,,,,,,,0.53,0.09,1.00,1.00,29.59,0.15,11